Workbook

Sheet Semester 1
A1: EMERSON UNIVERSITY MULTAN
A2: DEPARTMENT OF COMPUTING & EMERGING TECHNOLOGIES
A3: SEMESTER RESULT
A4: Programme: BS Cyber Security Session: 2023-27 SEMESTER 1 EVENING
A6: Sr# | B6: Roll # | C6: Name of Students | D6: CS-103 | E6: IT-101 | F6: EG-109 | G6: COSC-1203 | H6: IT-201 | I6: MZ-111 | J6: SGPA | K6: Remarks
A7: 1 | B7: ECTE231122101 | C7: Muhammad Shahzaib | D7: 4 | E7: 4 | F7: 3.9 | G7: 4 | H7: 4 | I7: 0 | J7: =IF(B7="","",ROUND(SUMPRODUCT(D7:I7,{4,3,3,3,3,0})/16,2)) -> 3.98 | K7: Promoted
A8: 2 | B8: ECTE231122102 | C8: Misbah Bibi | D8: 4 | E8: 4 | F8: 3.9 | G8: 4 | H8: 3.9 | I8: 3.7 | J8: =IF(B8="","",ROUND(SUMPRODUCT(D8:I8,{4,3,3,3,3,0})/16,2)) -> 3.96 | K8: Promoted
A9: 3 | B9: ECTE231122103 | C9: Romaisa Khan | D9: 4 | E9: 4 | F9: 3.4 | G9: 4 | H9: 3.9 | I9: 0 | J9: =IF(B9="","",ROUND(SUMPRODUCT(D9:I9,{4,3,3,3,3,0})/16,2)) -> 3.87 | K9: Promoted
A10: 4 | B10: ECTE231122104 | C10: Javed Iqbal | D10: 4 | E10: 3.9 | F10: 3.8 | G10: 4 | H10: 4 | I10: 4 | J10: =IF(B10="","",ROUND(SUMPRODUCT(D10:I10,{4,3,3,3,3,0})/16,2)) -> 3.94 | K10: Promoted
A11: 5 | B11: ECTE231122105 | C11: Muhammad Toheed Sahar | D11: 3 | E11: 3.5 | F11: 3.1 | G11: 2.3 | H11: 3.8 | I11: 0 | J11: =IF(B11="","",ROUND(SUMPRODUCT(D11:I11,{4,3,3,3,3,0})/16,2)) -> 3.13 | K11: Promoted
A12: 6 | B12: ECTE231122106 | C12: Muhammad Sanawar Ali | D12: 3.7 | E12: 3.8 | F12: 2.9 | G12: 3.3 | H12: 3.6 | I12: 3.1 | J12: =IF(B12="","",ROUND(SUMPRODUCT(D12:I12,{4,3,3,3,3,0})/16,2)) -> 3.48 | K12: Promoted
A13: 7 | B13: ECTE231122107 | C13: Hira Zafar | D13: 4 | E13: 4 | F13: 4 | G13: 4 | H13: 4 | I13: 0 | J13: =IF(B13="","",ROUND(SUMPRODUCT(D13:I13,{4,3,3,3,3,0})/16,2)) -> 4 | K13: Promoted
A14: 8 | B14: ECTE231122108 | C14: Muhammad Naveed | D14: 2.2 | E14: 2.5 | F14: 2.2 | G14: 2 | H14: 0 | I14: 0 | J14: =IF(B14="","",ROUND(SUMPRODUCT(D14:I14,{4,3,3,3,3,0})/16,2)) -> 1.81 | K14: Probation
A15: 9 | B15: ECTE231122109 | C15: Hamna Iqbal | D15: 3.6 | E15: 4 | F15: 3.3 | G15: 4 | H15: 3.7 | I15: 4 | J15: =IF(B15="","",ROUND(SUMPRODUCT(D15:I15,{4,3,3,3,3,0})/16,2)) -> 3.71 | K15: Promoted
A16: 10 | B16: ECTE231122110 | C16: Khansa Aamir | D16: 4 | E16: 4 | F16: 3.5 | G16: 4 | H16: 4 | I16: 4 | J16: =IF(B16="","",ROUND(SUMPRODUCT(D16:I16,{4,3,3,3,3,0})/16,2)) -> 3.91 | K16: Promoted
A17: 11 | B17: ECTE231122111 | C17: Eman Razaq | D17: 3.9 | E17: 4 | F17: 2.2 | G17: 4 | H17: 3.8 | I17: 0 | J17: =IF(B17="","",ROUND(SUMPRODUCT(D17:I17,{4,3,3,3,3,0})/16,2)) -> 3.6 | K17: Promoted
A18: 12 | B18: ECTE231122112 | C18: Muhammad Basit | D18: 4 | E18: 4 | F18: 3.5 | G18: 4 | H18: 4 | I18: 0 | J18: =IF(B18="","",ROUND(SUMPRODUCT(D18:I18,{4,3,3,3,3,0})/16,2)) -> 3.91 | K18: Promoted
... A62: 56 | B62: ECTE231122156 | C62: Usaid Iqbal | D62: 3.7 | E62: 4 | F62: 2.6 | G62: 2.7 | H62: 2.4 | I62: 0 | J62: =IF(B62="","",ROUND(SUMPRODUCT(D62:I62,{4,3,3,3,3,0})/16,2)) -> 3.12 | K62: Promoted

Sheet Semester 2
A1: EMERSON UNIVERSITY MULTAN
A2: DEPARTMENT OF COMPUTING & EMERGING TECHNOLOGIES
A3: SEMESTER RESULT
A4: Programme: BS Cyber Security Session: 2023-27 SEMESTER 2 EVENING
A6: Sr# | B6: Roll # | C6: Name of Students | D6: IT-102 | E6: EG-105 | F6: IT-207 | G6: MT-108 | H6: IT-301 | I6: MZ-112 | J6: SGPA | K6: CGPA | L6: Remarks
A7: 1 | B7: ECTE231122101 | C7: Muhammad Shahzaib | D7: 4 | E7: 3.9 | F7: 4 | G7: 2.6 | H7: 4 | I7: 0 | J7: =IF(B7="","",ROUND(SUMPRODUCT(D7:I7,{4,3,3,3,4,0})/17,2)) -> 3.74 | K7: {=IF(B7="","",ROUND((SUMPRODUCT('Semester 1'!D7:I7,{4,3,3,3,3,0})+SUMPRODUCT(D7:I7,{4,3,3,3,4,0}))/33,2))} -> 3.85 | L7: Promoted
A8: 2 | B8: ECTE231122102 | C8: Misbah Bibi | D8: 3.9 | E8: 3.7 | F8: 2.3 | G8: 2.1 | H8: 4 | I8: 2.3 | J8: =IF(B8="","",ROUND(SUMPRODUCT(D8:I8,{4,3,3,3,4,0})/17,2)) -> 3.29 | K8: {=IF(B8="","",ROUND((SUMPRODUCT('Semester 1'!D8:I8,{4,3,3,3,3,0})+SUMPRODUCT(D8:I8,{4,3,3,3,4,0}))/33,2))} -> 3.62 | L8: Promoted
A9: 3 | B9: ECTE231122103 | C9: Romaisa Khan | D9: 3.9 | E9: 3.7 | F9: 2 | G9: 3 | H9: 4 | I9: 0 | J9: =IF(B9="","",ROUND(SUMPRODUCT(D9:I9,{4,3,3,3,4,0})/17,2)) -> 3.39 | K9: {=IF(B9="","",ROUND((SUMPRODUCT('Semester 1'!D9:I9,{4,3,3,3,3,0})+SUMPRODUCT(D9:I9,{4,3,3,3,4,0}))/33,2))} -> 3.62 | L9: Promoted
A10: 4 | B10: ECTE231122104 | C10: Javed Iqbal | D10: 3.3 | E10: 2.9 | F10: 2.4 | G10: 2.1 | H10: 2.8 | I10: 2 | J10: =IF(B10="","",ROUND(SUMPRODUCT(D10:I10,{4,3,3,3,4,0})/17,2)) -> 2.74 | K10: {=IF(B10="","",ROUND((SUMPRODUCT('Semester 1'!D10:I10,{4,3,3,3,3,0})+SUMPRODUCT(D10:I10,{4,3,3,3,4,0}))/33,2))} -> 3.32 | L10: Promoted
A11: 5 | B11: ECTE231122105 | C11: Muhammad Toheed Sahar | D11: 0 | E11: 0 | F11: 0 | G11: 0 | H11: 0 | I11: 0 | J11: =IF(B11="","",ROUND(SUMPRODUCT(D11:I11,{4,3,3,3,4,0})/17,2)) -> 0 | K11: {=IF(B11="","",ROUND((SUMPRODUCT('Semester 1'!D11:I11,{4,3,3,3,3,0})+SUMPRODUCT(D11:I11,{4,3,3,3,4,0}))/33,2))} -> 1.52 | L11: Dropped
A12: 6 | B12: ECTE231122106 | C12: Muhammad Sanawar Ali | D12: 3.7 | E12: 2.4 | F12: 2 | G12: 2 | H12: 3.6 | I12: 2.3 | J12: =IF(B12="","",ROUND(SUMPRODUCT(D12:I12,{4,3,3,3,4,0})/17,2)) -> 2.85 | K12: {=IF(B12="","",ROUND((SUMPRODUCT('Semester 1'!D12:I12,{4,3,3,3,3,0})+SUMPRODUCT(D12:I12,{4,3,3,3,4,0}))/33,2))} -> 3.15 | L12: Promoted
A13: 7 | B13: ECTE231122107 | C13: Hira Zafar | D13: 3.8 | E13: 3.7 | F13: 3.3 | G13: 2.1 | H13: 3.7 | I13: 0 | J13: =IF(B13="","",ROUND(SUMPRODUCT(D13:I13,{4,3,3,3,4,0})/17,2)) -> 3.37 | K13: {=IF(B13="","",ROUND((SUMPRODUCT('Semester 1'!D13:I13,{4,3,3,3,3,0})+SUMPRODUCT(D13:I13,{4,3,3,3,4,0}))/33,2))} -> 3.68 | L13: Promoted
A14: 8 | B14: ECTE231122108 | C14: Muhammad Naveed | D14: 2.7 | E14: 0 | F14: 0 | G14: 0 | H14: 0 | I14: 0 | J14: =IF(B14="","",ROUND(SUMPRODUCT(D14:I14,{4,3,3,3,4,0})/17,2)) -> 0.64 | K14: {=IF(B14="","",ROUND((SUMPRODUCT('Semester 1'!D14:I14,{4,3,3,3,3,0})+SUMPRODUCT(D14:I14,{4,3,3,3,4,0}))/33,2))} -> 1.2 | L14: Dropped
A15: 9 | B15: ECTE231122109 | C15: Hamna Iqbal | D15: 3.2 | E15: 3.2 | F15: 2.7 | G15: 2.3 | H15: 4 | I15: 3.3 | J15: =IF(B15="","",ROUND(SUMPRODUCT(D15:I15,{4,3,3,3,4,0})/17,2)) -> 3.14 | K15: {=IF(B15="","",ROUND((SUMPRODUCT('Semester 1'!D15:I15,{4,3,3,3,3,0})+SUMPRODUCT(D15:I15,{4,3,3,3,4,0}))/33,2))} -> 3.42 | L15: Promoted
A16: 10 | B16: ECTE231122110 | C16: Khansa Aamir | D16: 3.4 | E16: 4 | F16: 3 | G16: 2.4 | H16: 4 | I16: 3.3 | J16: =IF(B16="","",ROUND(SUMPRODUCT(D16:I16,{4,3,3,3,4,0})/17,2)) -> 3.4 | K16: {=IF(B16="","",ROUND((SUMPRODUCT('Semester 1'!D16:I16,{4,3,3,3,3,0})+SUMPRODUCT(D16:I16,{4,3,3,3,4,0}))/33,2))} -> 3.65 | L16: Promoted
A17: 11 | B17: ECTE231122111 | C17: Eman Razaq | D17: 3.6 | E17: 3.9 | F17: 0 | G17: 2.6 | H17: 3.8 | I17: 0 | J17: =IF(B17="","",ROUND(SUMPRODUCT(D17:I17,{4,3,3,3,4,0})/17,2)) -> 2.89 | K17: {=IF(B17="","",ROUND((SUMPRODUCT('Semester 1'!D17:I17,{4,3,3,3,3,0})+SUMPRODUCT(D17:I17,{4,3,3,3,4,0}))/33,2))} -> 3.23 | L17: Promoted
A18: 12 | B18: ECTE231122112 | C18: Muhammad Basit | D18: 3.5 | E18: 4 | F18: 4 | G18: 2.8 | H18: 3.8 | I18: 0 | J18: =IF(B18="","",ROUND(SUMPRODUCT(D18:I18,{4,3,3,3,4,0})/17,2)) -> 3.62 | K18: {=IF(B18="","",ROUND((SUMPRODUCT('Semester 1'!D18:I18,{4,3,3,3,3,0})+SUMPRODUCT(D18:I18,{4,3,3,3,4,0}))/33,2))} -> 3.76 | L18: Promoted
... A62: 56 | B62: ECTE231122156 | C62: Usaid Iqbal | D62: 3.4 | E62: 3.7 | F62: 2 | G62: 2.1 | H62: 2.9 | I62: 0 | J62: =IF(B62="","",ROUND(SUMPRODUCT(D62:I62,{4,3,3,3,4,0})/17,2)) -> 2.86 | K62: {=IF(B62="","",ROUND((SUMPRODUCT('Semester 1'!D62:I62,{4,3,3,3,3,0})+SUMPRODUCT(D62:I62,{4,3,3,3,4,0}))/33,2))} -> 2.98 | L62: Promoted

Sheet Semester 3
A1: EMERSON UNIVERSITY MULTAN
A2: DEPARTMENT OF COMPUTING & EMERGING TECHNOLOGIES
A3: SEMESTER RESULT
A4: Programme: BS Cyber Security Session: 2023-27 SEMESTER 3 EVENING
A6: Sr# | B6: Roll # | C6: Name of Students | D6: COSC-2106 | E6: COSC-2206 | F6: COSC-2111 | G6: COSC-2211 | H6: COSC-2116 | I6: CYSE-2131 | J6: CYSE-2231 | K6: PHYS-1103 | L6: PHYS-1203 | M6: SOCI-2101 | N6: POSC-1101 | O6: SGPA | P6: CGPA | Q6: Remarks
A7: 1 | B7: ECTE231122101 | C7: Muhammad Shahzaib | D7: 3.2 | E7: 3.3 | F7: 3.9 | G7: 3.3 | H7: 3.7 | I7: 4 | J7: 4 | K7: 3.7 | L7: 4 | M7: 3.4 | N7: 3.1 | O7: =IF(B7="","",ROUND(SUMPRODUCT(D7:N7,{3,1,2,1,2,2,1,2,1,2,2})/19,2)) -> 3.57 | P7: {=IF(B7="","",ROUND((SUMPRODUCT('Semester 1'!D7:I7,{4,3,3,3,3,0})+SUMPRODUCT('Semester 2'!D7:I7,{4,3,3,3,4,0})+SUMPRODUCT(D7:N7,{3,1,2,1,2,2,1,2,1,2,2}))/52,2))} -> 3.75 | Q7: Promoted
A8: 2 | B8: ECTE231122102 | C8: Misbah Bibi | D8: 4 | E8: 3.7 | F8: 4 | G8: 4 | H8: 4 | I8: 4 | J8: 4 | K8: 3.6 | L8: 4 | M8: 3.9 | N8: 3.6 | O8: =IF(B8="","",ROUND(SUMPRODUCT(D8:N8,{3,1,2,1,2,2,1,2,1,2,2})/19,2)) -> 3.89 | P8: {=IF(B8="","",ROUND((SUMPRODUCT('Semester 1'!D8:I8,{4,3,3,3,3,0})+SUMPRODUCT('Semester 2'!D8:I8,{4,3,3,3,4,0})+SUMPRODUCT(D8:N8,{3,1,2,1,2,2,1,2,1,2,2}))/52,2))} -> 3.72 | Q8: Promoted
A9: 3 | B9: ECTE231122103 | C9: Romaisa Khan | D9: 3.9 | E9: 4 | F9: 4 | G9: 4 | H9: 4 | I9: 4 | J9: 4 | K9: 4 | L9: 4 | M9: 4 | N9: 4 | O9: =IF(B9="","",ROUND(SUMPRODUCT(D9:N9,{3,1,2,1,2,2,1,2,1,2,2})/19,2)) -> 3.98 | P9: {=IF(B9="","",ROUND((SUMPRODUCT('Semester 1'!D9:I9,{4,3,3,3,3,0})+SUMPRODUCT('Semester 2'!D9:I9,{4,3,3,3,4,0})+SUMPRODUCT(D9:N9,{3,1,2,1,2,2,1,2,1,2,2}))/52,2))} -> 3.76 | Q9: Promoted
A10: 4 | B10: ECTE231122104 | C10: Javed Iqbal | D10: 3.8 | E10: 3.7 | F10: 4 | G10: 4 | H10: 4 | I10: 4 | J10: 4 | K10: 4 | L10: 3.3 | M10: 3.7 | N10: 4 | O10: =IF(B10="","",ROUND(SUMPRODUCT(D10:N10,{3,1,2,1,2,2,1,2,1,2,2})/19,2)) -> 3.88 | P10: {=IF(B10="","",ROUND((SUMPRODUCT('Semester 1'!D10:I10,{4,3,3,3,3,0})+SUMPRODUCT('Semester 2'!D10:I10,{4,3,3,3,4,0})+SUMPRODUCT(D10:N10,{3,1,2,1,2,2,1,2,1,2,2}))/52,2))} -> 3.53 | Q10: Promoted
A11: 5 | B11: ECTE231122105 | C11: Muhammad Toheed Sahar | D11: 0 | E11: 0 | F11: 0 | G11: 0 | H11: 0 | I11: 0 | J11: 4 | K11: 0 | L11: 0 | M11: 0 | N11: 0 | O11: =IF(B11="","",ROUND(SUMPRODUCT(D11:N11,{3,1,2,1,2,2,1,2,1,2,2})/19,2)) -> 0.21 | P11: {=IF(B11="","",ROUND((SUMPRODUCT('Semester 1'!D11:I11,{4,3,3,3,3,0})+SUMPRODUCT('Semester 2'!D11:I11,{4,3,3,3,4,0})+SUMPRODUCT(D11:N11,{3,1,2,1,2,2,1,2,1,2,2}))/52,2))} -> 1.04 | Q11: Dropped
A12: 6 | B12: ECTE231122106 | C12: Muhammad Sanawar Ali | D12: 3.9 | E12: 3.3 | F12: 3.3 | G12: 3.3 | H12: 4 | I12: 3.5 | J12: 0 | K12: 2 | L12: 2 | M12: 3.3 | N12: 3.8 | O12: =IF(B12="","",ROUND(SUMPRODUCT(D12:N12,{3,1,2,1,2,2,1,2,1,2,2})/19,2)) -> 3.16 | P12: {=IF(B12="","",ROUND((SUMPRODUCT('Semester 1'!D12:I12,{4,3,3,3,3,0})+SUMPRODUCT('Semester 2'!D12:I12,{4,3,3,3,4,0})+SUMPRODUCT(D12:N12,{3,1,2,1,2,2,1,2,1,2,2}))/52,2))} -> 3.16 | Q12: Promoted
A13: 7 | B13: ECTE231122107 | C13: Hira Zafar | D13: 3.6 | E13: 3.3 | F13: 4 | G13: 4 | H13: 3.9 | I13: 3 | J13: 2.9 | K13: 4 | L13: 4 | M13: 3.9 | N13: 4 | O13: =IF(B13="","",ROUND(SUMPRODUCT(D13:N13,{3,1,2,1,2,2,1,2,1,2,2})/19,2)) -> 3.72 | P13: {=IF(B13="","",ROUND((SUMPRODUCT('Semester 1'!D13:I13,{4,3,3,3,3,0})+SUMPRODUCT('Semester 2'!D13:I13,{4,3,3,3,4,0})+SUMPRODUCT(D13:N13,{3,1,2,1,2,2,1,2,1,2,2}))/52,2))} -> 3.69 | Q13: Promoted
A14: 8 | B14: ECTE231122108 | C14: Muhammad Naveed | D14: 0 | E14: 0 | F14: 0 | G14: 0 | H14: 0 | I14: 0 | J14: 0 | K14: 0 | L14: 0 | M14: 0 | N14: 0 | O14: =IF(B14="","",ROUND(SUMPRODUCT(D14:N14,{3,1,2,1,2,2,1,2,1,2,2})/19,2)) -> 0 | P14: {=IF(B14="","",ROUND((SUMPRODUCT('Semester 1'!D14:I14,{4,3,3,3,3,0})+SUMPRODUCT('Semester 2'!D14:I14,{4,3,3,3,4,0})+SUMPRODUCT(D14:N14,{3,1,2,1,2,2,1,2,1,2,2}))/52,2))} -> 0.76 | Q14: Dropped
A15: 9 | B15: ECTE231122109 | C15: Hamna Iqbal | D15: 3.3 | E15: 4 | F15: 3 | G15: 3.3 | H15: 3.9 | I15: 3.5 | J15: 3.6 | K15: 3.5 | L15: 4 | M15: 2.5 | N15: 2.9 | O15: =IF(B15="","",ROUND(SUMPRODUCT(D15:N15,{3,1,2,1,2,2,1,2,1,2,2})/19,2)) -> 3.34 | P15: {=IF(B15="","",ROUND((SUMPRODUCT('Semester 1'!D15:I15,{4,3,3,3,3,0})+SUMPRODUCT('Semester 2'!D15:I15,{4,3,3,3,4,0})+SUMPRODUCT(D15:N15,{3,1,2,1,2,2,1,2,1,2,2}))/52,2))} -> 3.39 | Q15: Promoted
A16: 10 | B16: ECTE231122110 | C16: Khansa Aamir | D16: 4 | E16: 4 | F16: 3.7 | G16: 4 | H16: 4 | I16: 4 | J16: 4 | K16: 3.5 | L16: 3.3 | M16: 4 | N16: 4 | O16: =IF(B16="","",ROUND(SUMPRODUCT(D16:N16,{3,1,2,1,2,2,1,2,1,2,2})/19,2)) -> 3.88 | P16: {=IF(B16="","",ROUND((SUMPRODUCT('Semester 1'!D16:I16,{4,3,3,3,3,0})+SUMPRODUCT('Semester 2'!D16:I16,{4,3,3,3,4,0})+SUMPRODUCT(D16:N16,{3,1,2,1,2,2,1,2,1,2,2}))/52,2))} -> 3.73 | Q16: Promoted
A17: 11 | B17: ECTE231122111 | C17: Eman Razaq | D17: 4 | E17: 3.7 | F17: 4 | G17: 4 | H17: 4 | I17: 4 | J17: 4 | K17: 2.2 | L17: 4 | M17: 3.9 | N17: 3.1 | O17: =IF(B17="","",ROUND(SUMPRODUCT(D17:N17,{3,1,2,1,2,2,1,2,1,2,2})/19,2)) -> 3.69 | P17: {=IF(B17="","",ROUND((SUMPRODUCT('Semester 1'!D17:I17,{4,3,3,3,3,0})+SUMPRODUCT('Semester 2'!D17:I17,{4,3,3,3,4,0})+SUMPRODUCT(D17:N17,{3,1,2,1,2,2,1,2,1,2,2}))/52,2))} -> 3.4 | Q17: Promoted
A18: 12 | B18: ECTE231122112 | C18: Muhammad Basit | D18: 4 | E18: 4 | F18: 4 | G18: 4 | H18: 4 | I18: 4 | J18: 4 | K18: 3.9 | L18: 4 | M18: 4 | N18: 4 | O18: =IF(B18="","",ROUND(SUMPRODUCT(D18:N18,{3,1,2,1,2,2,1,2,1,2,2})/19,2)) -> 3.99 | P18: {=IF(B18="","",ROUND((SUMPRODUCT('Semester 1'!D18:I18,{4,3,3,3,3,0})+SUMPRODUCT('Semester 2'!D18:I18,{4,3,3,3,4,0})+SUMPRODUCT(D18:N18,{3,1,2,1,2,2,1,2,1,2,2}))/52,2))} -> 3.84 | Q18: Promoted
... A62: 56 | B62: ECTE231122156 | C62: Usaid Iqbal | D62: 3.7 | E62: 4 | F62: 3 | G62: 3.7 | H62: 4 | I62: 4 | J62: 4 | K62: 0 | L62: 4 | M62: 3.5 | N62: 4 | O62: =IF(B62="","",ROUND(SUMPRODUCT(D62:N62,{3,1,2,1,2,2,1,2,1,2,2})/19,2)) -> 3.36 | P62: {=IF(B62="","",ROUND((SUMPRODUCT('Semester 1'!D62:I62,{4,3,3,3,3,0})+SUMPRODUCT('Semester 2'!D62:I62,{4,3,3,3,4,0})+SUMPRODUCT(D62:N62,{3,1,2,1,2,2,1,2,1,2,2}))/52,2))} -> 3.12 | Q62: Promoted
A64: Source: Official semester result PDFs supplied by the user. Data is transcribed as printed; provisional result, errors and omissions excepted.

Sheet Semester 4
A1: EMERSON UNIVERSITY MULTAN
A2: DEPARTMENT OF COMPUTING & EMERGING TECHNOLOGIES
A3: SEMESTER RESULT
A4: Programme: BS Cyber Security Session: 2023-27 SEMESTER 4 EVENING
A6: Sr# | B6: Roll # | C6: Name of Students | D6: COSC-2109 | E6: COSC-2209 | F6: COSC-2108 | G6: COSC-2208 | H6: COSC-2107 | I6: COSC-2207 | J6: BUAD-2101 | K6: STAT-2101 | L6: BUAD-1121 | M6: ISST-1101 | N6: SGPA | O6: CGPA | P6: Remarks
A7: 1 | B7: ECTE231122101 | C7: Muhammad Shahzaib | D7: 2.8 | E7: 3.3 | F7: 2.9 | G7: 3.7 | H7: 2.3 | I7: 2.5 | J7: 3.7 | K7: 4 | L7: 2.3 | M7: 4 | N7: =IF(B7="","",ROUND(SUMPRODUCT(D7:M7,{2,1,2,1,2,1,2,3,2,2})/18,2)) -> 3.19 | O7: {=IF(B7="","",ROUND((SUMPRODUCT('Semester 1'!D7:I7,{4,3,3,3,3,0})+SUMPRODUCT('Semester 2'!D7:I7,{4,3,3,3,4,0})+SUMPRODUCT('Semester 3'!D7:N7,{3,1,2,1,2,2,1,2,1,2,2})+SUMPRODUCT(D7:M7,{2,1,2,1,2,1,2,3,2,2}))/70,2))} -> 3.61 | P7: Promoted
A8: 2 | B8: ECTE231122102 | C8: Misbah Bibi | D8: 3.3 | E8: 3.7 | F8: 3.7 | G8: 3.3 | H8: 3.3 | I8: 2.9 | J8: 3.9 | K8: 3.3 | L8: 3.2 | M8: 4 | N8: =IF(B8="","",ROUND(SUMPRODUCT(D8:M8,{2,1,2,1,2,1,2,3,2,2})/18,2)) -> 3.48 | O8: {=IF(B8="","",ROUND((SUMPRODUCT('Semester 1'!D8:I8,{4,3,3,3,3,0})+SUMPRODUCT('Semester 2'!D8:I8,{4,3,3,3,4,0})+SUMPRODUCT('Semester 3'!D8:N8,{3,1,2,1,2,2,1,2,1,2,2})+SUMPRODUCT(D8:M8,{2,1,2,1,2,1,2,3,2,2}))/70,2))} -> 3.65 | P8: Promoted
A9: 3 | B9: ECTE231122103 | C9: Romaisa Khan | D9: 3 | E9: 3.5 | F9: 3.4 | G9: 4 | H9: 4 | I9: 4 | J9: 3.8 | K9: 4 | L9: 3.1 | M9: 4 | N9: =IF(B9="","",ROUND(SUMPRODUCT(D9:M9,{2,1,2,1,2,1,2,3,2,2})/18,2)) -> 3.67 | O9: {=IF(B9="","",ROUND((SUMPRODUCT('Semester 1'!D9:I9,{4,3,3,3,3,0})+SUMPRODUCT('Semester 2'!D9:I9,{4,3,3,3,4,0})+SUMPRODUCT('Semester 3'!D9:N9,{3,1,2,1,2,2,1,2,1,2,2})+SUMPRODUCT(D9:M9,{2,1,2,1,2,1,2,3,2,2}))/70,2))} -> 3.73 | P9: Promoted
A10: 4 | B10: ECTE231122104 | C10: Javed Iqbal | D10: 3.3 | E10: 3.5 | F10: 2.7 | G10: 4 | H10: 2.7 | I10: 2.2 | J10: 2.5 | K10: 2.8 | L10: 2.2 | M10: 4 | N10: =IF(B10="","",ROUND(SUMPRODUCT(D10:M10,{2,1,2,1,2,1,2,3,2,2})/18,2)) -> 2.94 | O10: {=IF(B10="","",ROUND((SUMPRODUCT('Semester 1'!D10:I10,{4,3,3,3,3,0})+SUMPRODUCT('Semester 2'!D10:I10,{4,3,3,3,4,0})+SUMPRODUCT('Semester 3'!D10:N10,{3,1,2,1,2,2,1,2,1,2,2})+SUMPRODUCT(D10:M10,{2,1,2,1,2,1,2,3,2,2}))/70,2))} -> 3.38 | P10: Promoted
A11: 5 | B11: ECTE231122105 | C11: Muhammad Toheed Sahar | D11: 0 | E11: 0 | F11: 0 | G11: 0 | H11: 0 | I11: 0 | J11: 0 | K11: 0 | L11: 0 | M11: 0 | N11: =IF(B11="","",ROUND(SUMPRODUCT(D11:M11,{2,1,2,1,2,1,2,3,2,2})/18,2)) -> 0 | O11: {=IF(B11="","",ROUND((SUMPRODUCT('Semester 1'!D11:I11,{4,3,3,3,3,0})+SUMPRODUCT('Semester 2'!D11:I11,{4,3,3,3,4,0})+SUMPRODUCT('Semester 3'!D11:N11,{3,1,2,1,2,2,1,2,1,2,2})+SUMPRODUCT(D11:M11,{2,1,2,1,2,1,2,3,2,2}))/70,2))} -> 0.77 | P11: Dropped
A12: 6 | B12: ECTE231122106 | C12: Muhammad Sanawar Ali | D12: 2.3 | E12: 2.7 | F12: 2.7 | G12: 3.3 | H12: 2 | I12: 2 | J12: 3.9 | K12: 2.9 | L12: 2.9 | M12: 4 | N12: =IF(B12="","",ROUND(SUMPRODUCT(D12:M12,{2,1,2,1,2,1,2,3,2,2})/18,2)) -> 2.91 | O12: {=IF(B12="","",ROUND((SUMPRODUCT('Semester 1'!D12:I12,{4,3,3,3,3,0})+SUMPRODUCT('Semester 2'!D12:I12,{4,3,3,3,4,0})+SUMPRODUCT('Semester 3'!D12:N12,{3,1,2,1,2,2,1,2,1,2,2})+SUMPRODUCT(D12:M12,{2,1,2,1,2,1,2,3,2,2}))/70,2))} -> 3.09 | P12: Promoted
A13: 7 | B13: ECTE231122107 | C13: Hira Zafar | D13: 3.2 | E13: 3.5 | F13: 3.9 | G13: 3.3 | H13: 3.7 | I13: 3 | J13: 3.9 | K13: 4 | L13: 3.4 | M13: 4 | N13: =IF(B13="","",ROUND(SUMPRODUCT(D13:M13,{2,1,2,1,2,1,2,3,2,2})/18,2)) -> 3.67 | O13: {=IF(B13="","",ROUND((SUMPRODUCT('Semester 1'!D13:I13,{4,3,3,3,3,0})+SUMPRODUCT('Semester 2'!D13:I13,{4,3,3,3,4,0})+SUMPRODUCT('Semester 3'!D13:N13,{3,1,2,1,2,2,1,2,1,2,2})+SUMPRODUCT(D13:M13,{2,1,2,1,2,1,2,3,2,2}))/70,2))} -> 3.68 | P13: Promoted
A14: 8 | B14: ECTE231122108 | C14: Muhammad Naveed | D14: 0 | E14: 0 | F14: 0 | G14: 0 | H14: 0 | I14: 0 | J14: 0 | K14: 0 | L14: 0 | M14: 0 | N14: =IF(B14="","",ROUND(SUMPRODUCT(D14:M14,{2,1,2,1,2,1,2,3,2,2})/18,2)) -> 0 | O14: {=IF(B14="","",ROUND((SUMPRODUCT('Semester 1'!D14:I14,{4,3,3,3,3,0})+SUMPRODUCT('Semester 2'!D14:I14,{4,3,3,3,4,0})+SUMPRODUCT('Semester 3'!D14:N14,{3,1,2,1,2,2,1,2,1,2,2})+SUMPRODUCT(D14:M14,{2,1,2,1,2,1,2,3,2,2}))/70,2))} -> 0.57 | P14: Dropped
A15: 9 | B15: ECTE231122109 | C15: Hamna Iqbal | D15: 2.5 | E15: 3 | F15: 2.3 | G15: 3.7 | H15: 2 | I15: 2 | J15: 3.7 | K15: 2.6 | L15: 2.4 | M15: 4 | N15: =IF(B15="","",ROUND(SUMPRODUCT(D15:M15,{2,1,2,1,2,1,2,3,2,2})/18,2)) -> 2.79 | O15: {=IF(B15="","",ROUND((SUMPRODUCT('Semester 1'!D15:I15,{4,3,3,3,3,0})+SUMPRODUCT('Semester 2'!D15:I15,{4,3,3,3,4,0})+SUMPRODUCT('Semester 3'!D15:N15,{3,1,2,1,2,2,1,2,1,2,2})+SUMPRODUCT(D15:M15,{2,1,2,1,2,1,2,3,2,2}))/70,2))} -> 3.24 | P15: Promoted
A16: 10 | B16: ECTE231122110 | C16: Khansa Aamir | D16: 3 | E16: 3.3 | F16: 4 | G16: 4 | H16: 2.9 | I16: 2.3 | J16: 3.9 | K16: 4 | L16: 2.7 | M16: 4 | N16: =IF(B16="","",ROUND(SUMPRODUCT(D16:M16,{2,1,2,1,2,1,2,3,2,2})/18,2)) -> 3.48 | O16: {=IF(B16="","",ROUND((SUMPRODUCT('Semester 1'!D16:I16,{4,3,3,3,3,0})+SUMPRODUCT('Semester 2'!D16:I16,{4,3,3,3,4,0})+SUMPRODUCT('Semester 3'!D16:N16,{3,1,2,1,2,2,1,2,1,2,2})+SUMPRODUCT(D16:M16,{2,1,2,1,2,1,2,3,2,2}))/70,2))} -> 3.67 | P16: Promoted
A17: 11 | B17: ECTE231122111 | C17: Eman Razaq | D17: 3 | E17: 3.4 | F17: 2 | G17: 2.7 | H17: 2 | I17: 2 | J17: 3.7 | K17: 2.9 | L17: 3.1 | M17: 3.6 | N17: =IF(B17="","",ROUND(SUMPRODUCT(D17:M17,{2,1,2,1,2,1,2,3,2,2})/18,2)) -> 2.87 | O17: {=IF(B17="","",ROUND((SUMPRODUCT('Semester 1'!D17:I17,{4,3,3,3,3,0})+SUMPRODUCT('Semester 2'!D17:I17,{4,3,3,3,4,0})+SUMPRODUCT('Semester 3'!D17:N17,{3,1,2,1,2,2,1,2,1,2,2})+SUMPRODUCT(D17:M17,{2,1,2,1,2,1,2,3,2,2}))/70,2))} -> 3.26 | P17: Promoted
A18: 12 | B18: ECTE231122112 | C18: Muhammad Basit | D18: 3.7 | E18: 3.8 | F18: 2.7 | G18: 3.7 | H18: 2.2 | I18: 2.9 | J18: 3.7 | K18: 4 | L18: 3.1 | M18: 4 | N18: =IF(B18="","",ROUND(SUMPRODUCT(D18:M18,{2,1,2,1,2,1,2,3,2,2})/18,2)) -> 3.4 | O18: {=IF(B18="","",ROUND((SUMPRODUCT('Semester 1'!D18:I18,{4,3,3,3,3,0})+SUMPRODUCT('Semester 2'!D18:I18,{4,3,3,3,4,0})+SUMPRODUCT('Semester 3'!D18:N18,{3,1,2,1,2,2,1,2,1,2,2})+SUMPRODUCT(D18:M18,{2,1,2,1,2,1,2,3,2,2}))/70,2))} -> 3.73 | P18: Promoted
... A62: 56 | B62: ECTE231122156 | C62: Usaid Iqbal | D62: 2.3 | E62: 2.7 | F62: 2.1 | G62: 2.7 | H62: 2.7 | I62: 2.5 | J62: 3.7 | K62: 3.7 | L62: 2.5 | M62: 4 | N62: =IF(B62="","",ROUND(SUMPRODUCT(D62:M62,{2,1,2,1,2,1,2,3,2,2})/18,2)) -> 2.98 | O62: {=IF(B62="","",ROUND((SUMPRODUCT('Semester 1'!D62:I62,{4,3,3,3,3,0})+SUMPRODUCT('Semester 2'!D62:I62,{4,3,3,3,4,0})+SUMPRODUCT('Semester 3'!D62:N62,{3,1,2,1,2,2,1,2,1,2,2})+SUMPRODUCT(D62:M62,{2,1,2,1,2,1,2,3,2,2}))/70,2))} -> 3.08 | P62: Promoted

Sheet Semester 5
A1: EMERSON UNIVERSITY MULTAN
A2: DEPARTMENT OF COMPUTING & EMERGING TECHNOLOGIES
A3: SEMESTER RESULT
A4: Programme: BS Cyber Security Session: 2023-27 SEMESTER 5 EVENING
A6: Sr# | B6: Roll # | C6: Name of Students | D6: COSC-3112 | E6: COSC-3212 | F6: CYSE-3133 | G6: CYSE-3233 | H6: CYSE-3143 | I6: CYSE-3243 | J6: CYSE-3132 | K6: CYSE-3232 | L6: MATH-3182 | M6: CYSE-3141 | N6: ARAB-3101 | O6: SGPA | P6: PCGPA | Q6: CGPA | R6: Remarks
A7: 1 | B7: ECTE231122101 | C7: Muhammad Shahzaib | D7: 3 | E7: 3.3 | F7: 3.4 | G7: 3.3 | H7: 2.8 | I7: 3.3 | J7: 3.4 | K7: 3.5 | L7: 3.7 | M7: 3.5 | N7: 4 | O7: =IF(B7="","",ROUND(SUMPRODUCT(D7:N7,{2,1,2,1,2,1,2,1,3,3,0})/18,2)) -> 3.34 | P7: {=IF(B7="","",IFERROR(INDEX('Semester 4'!$O$7:$O$62,MATCH(B7,'Semester 4'!$B$7:$B$62,0)),""))} -> 3.61 | Q7: {=IF(B7="","",IFERROR(ROUND((SUMPRODUCT(INDEX('Semester 1'!$D$7:$I$62,MATCH(B7,'Semester 1'!$B$7:$B$62,0),0),{4,3,3,3,3,0})+SUMPRODUCT(INDEX('Semester 2'!$D$7:$I$64,MATCH(B7,'Semester 2'!$B$7:$B$64,0),0),{4,3,3,3,4,0})+SUMPRODUCT(INDEX('Semester 3'!$D$7:$N$64,MATCH(B7,'Semester 3'!$B$7:$B$64,0),0),{3,1,2,1,2,2,1,2,1,2,2})+SUMPRODUCT(INDEX('Semester 4'!$D$7:$M$64,MATCH(B7,'Semester 4'!$B$7:$B$64,0),0),{2,1,2,1,2,1,2,3,2,2})+SUMPRODUCT(D7:N7,{2,1,2,1,2,1,2,1,3,3,0}))/88,2),""))} -> 3.55 | R7: Promoted
A8: 2 | B8: ECTE231122102 | C8: Misbah Bibi | D8: 4 | E8: 4 | F8: 3.7 | G8: 3.5 | H8: 3.7 | I8: 4 | J8: 4 | K8: 3.9 | L8: 4 | M8: 4 | N8: 4 | O8: =IF(B8="","",ROUND(SUMPRODUCT(D8:N8,{2,1,2,1,2,1,2,1,3,3,0})/18,2)) -> 3.9 | P8: {=IF(B8="","",IFERROR(INDEX('Semester 4'!$O$7:$O$62,MATCH(B8,'Semester 4'!$B$7:$B$62,0)),""))} -> 3.65 | Q8: {=IF(B8="","",IFERROR(ROUND((SUMPRODUCT(INDEX('Semester 1'!$D$7:$I$62,MATCH(B8,'Semester 1'!$B$7:$B$62,0),0),{4,3,3,3,3,0})+SUMPRODUCT(INDEX('Semester 2'!$D$7:$I$64,MATCH(B8,'Semester 2'!$B$7:$B$64,0),0),{4,3,3,3,4,0})+SUMPRODUCT(INDEX('Semester 3'!$D$7:$N$64,MATCH(B8,'Semester 3'!$B$7:$B$64,0),0),{3,1,2,1,2,2,1,2,1,2,2})+SUMPRODUCT(INDEX('Semester 4'!$D$7:$M$64,MATCH(B8,'Semester 4'!$B$7:$B$64,0),0),{2,1,2,1,2,1,2,3,2,2})+SUMPRODUCT(D8:N8,{2,1,2,1,2,1,2,1,3,3,0}))/88,2),""))} -> 3.7 | R8: Promoted
A9: 3 | B9: ECTE231122103 | C9: Romaisa Khan | D9: 4 | E9: 4 | F9: 3.7 | G9: 3.7 | H9: 3.1 | I9: 3.3 | J9: 4 | K9: 3.3 | L9: 4 | M9: 3.6 | N9: 4 | O9: =IF(B9="","",ROUND(SUMPRODUCT(D9:N9,{2,1,2,1,2,1,2,1,3,3,0})/18,2)) -> 3.71 | P9: {=IF(B9="","",IFERROR(INDEX('Semester 4'!$O$7:$O$62,MATCH(B9,'Semester 4'!$B$7:$B$62,0)),""))} -> 3.73 | Q9: {=IF(B9="","",IFERROR(ROUND((SUMPRODUCT(INDEX('Semester 1'!$D$7:$I$62,MATCH(B9,'Semester 1'!$B$7:$B$62,0),0),{4,3,3,3,3,0})+SUMPRODUCT(INDEX('Semester 2'!$D$7:$I$64,MATCH(B9,'Semester 2'!$B$7:$B$64,0),0),{4,3,3,3,4,0})+SUMPRODUCT(INDEX('Semester 3'!$D$7:$N$64,MATCH(B9,'Semester 3'!$B$7:$B$64,0),0),{3,1,2,1,2,2,1,2,1,2,2})+SUMPRODUCT(INDEX('Semester 4'!$D$7:$M$64,MATCH(B9,'Semester 4'!$B$7:$B$64,0),0),{2,1,2,1,2,1,2,3,2,2})+SUMPRODUCT(D9:N9,{2,1,2,1,2,1,2,1,3,3,0}))/88,2),""))} -> 3.73 | R9: Promoted
A10: 4 | B10: ECTE231122104 | C10: Javed Iqbal | D10: 3.3 | E10: 4 | F10: 3.1 | G10: 3 | H10: 3.5 | I10: 2 | J10: 4 | K10: 3.7 | L10: 4 | M10: 3.7 | N10: 4 | O10: =IF(B10="","",ROUND(SUMPRODUCT(D10:N10,{2,1,2,1,2,1,2,1,3,3,0})/18,2)) -> 3.53 | P10: {=IF(B10="","",IFERROR(INDEX('Semester 4'!$O$7:$O$62,MATCH(B10,'Semester 4'!$B$7:$B$62,0)),""))} -> 3.38 | Q10: {=IF(B10="","",IFERROR(ROUND((SUMPRODUCT(INDEX('Semester 1'!$D$7:$I$62,MATCH(B10,'Semester 1'!$B$7:$B$62,0),0),{4,3,3,3,3,0})+SUMPRODUCT(INDEX('Semester 2'!$D$7:$I$64,MATCH(B10,'Semester 2'!$B$7:$B$64,0),0),{4,3,3,3,4,0})+SUMPRODUCT(INDEX('Semester 3'!$D$7:$N$64,MATCH(B10,'Semester 3'!$B$7:$B$64,0),0),{3,1,2,1,2,2,1,2,1,2,2})+SUMPRODUCT(INDEX('Semester 4'!$D$7:$M$64,MATCH(B10,'Semester 4'!$B$7:$B$64,0),0),{2,1,2,1,2,1,2,3,2,2})+SUMPRODUCT(D10:N10,{2,1,2,1,2,1,2,1,3,3,0}))/88,2),""))} -> 3.41 | R10: Promoted
A11: 5 | B11: ECTE231122106 | C11: Muhammad Sanawar Ali | D11: 2.8 | E11: 3.3 | F11: 2.9 | G11: 2.3 | H11: 2.7 | I11: 2 | J11: 3.5 | K11: 3.9 | L11: 3.9 | M11: 2.8 | N11: 3.8 | O11: =IF(B11="","",ROUND(SUMPRODUCT(D11:N11,{2,1,2,1,2,1,2,1,3,3,0})/18,2)) -> 3.08 | P11: {=IF(B11="","",IFERROR(INDEX('Semester 4'!$O$7:$O$62,MATCH(B11,'Semester 4'!$B$7:$B$62,0)),""))} -> 3.09 | Q11: {=IF(B11="","",IFERROR(ROUND((SUMPRODUCT(INDEX('Semester 1'!$D$7:$I$62,MATCH(B11,'Semester 1'!$B$7:$B$62,0),0),{4,3,3,3,3,0})+SUMPRODUCT(INDEX('Semester 2'!$D$7:$I$64,MATCH(B11,'Semester 2'!$B$7:$B$64,0),0),{4,3,3,3,4,0})+SUMPRODUCT(INDEX('Semester 3'!$D$7:$N$64,MATCH(B11,'Semester 3'!$B$7:$B$64,0),0),{3,1,2,1,2,2,1,2,1,2,2})+SUMPRODUCT(INDEX('Semester 4'!$D$7:$M$64,MATCH(B11,'Semester 4'!$B$7:$B$64,0),0),{2,1,2,1,2,1,2,3,2,2})+SUMPRODUCT(D11:N11,{2,1,2,1,2,1,2,1,3,3,0}))/88,2),""))} -> 3.09 | R11: Promoted
A12: 6 | B12: ECTE231122107 | C12: Hira Zafar | D12: 3.5 | E12: 3.3 | F12: 3.3 | G12: 3.3 | H12: 4 | I12: 4 | J12: 3.7 | K12: 3.5 | L12: 4 | M12: 4 | N12: 4 | O12: =IF(B12="","",ROUND(SUMPRODUCT(D12:N12,{2,1,2,1,2,1,2,1,3,3,0})/18,2)) -> 3.73 | P12: {=IF(B12="","",IFERROR(INDEX('Semester 4'!$O$7:$O$62,MATCH(B12,'Semester 4'!$B$7:$B$62,0)),""))} -> 3.68 | Q12: {=IF(B12="","",IFERROR(ROUND((SUMPRODUCT(INDEX('Semester 1'!$D$7:$I$62,MATCH(B12,'Semester 1'!$B$7:$B$62,0),0),{4,3,3,3,3,0})+SUMPRODUCT(INDEX('Semester 2'!$D$7:$I$64,MATCH(B12,'Semester 2'!$B$7:$B$64,0),0),{4,3,3,3,4,0})+SUMPRODUCT(INDEX('Semester 3'!$D$7:$N$64,MATCH(B12,'Semester 3'!$B$7:$B$64,0),0),{3,1,2,1,2,2,1,2,1,2,2})+SUMPRODUCT(INDEX('Semester 4'!$D$7:$M$64,MATCH(B12,'Semester 4'!$B$7:$B$64,0),0),{2,1,2,1,2,1,2,3,2,2})+SUMPRODUCT(D12:N12,{2,1,2,1,2,1,2,1,3,3,0}))/88,2),""))} -> 3.69 | R12: Promoted
A13: 7 | B13: ECTE231122109 | C13: Hamna Iqbal | D13: 0 | E13: 0 | F13: 0 | G13: 0 | H13: 0 | I13: 0 | J13: 0 | K13: 0 | L13: 0 | M13: 0 | N13: 0 | O13: =IF(B13="","",ROUND(SUMPRODUCT(D13:N13,{2,1,2,1,2,1,2,1,3,3,0})/18,2)) -> 0 | P13: {=IF(B13="","",IFERROR(INDEX('Semester 4'!$O$7:$O$62,MATCH(B13,'Semester 4'!$B$7:$B$62,0)),""))} -> 3.24 | Q13: {=IF(B13="","",IFERROR(ROUND((SUMPRODUCT(INDEX('Semester 1'!$D$7:$I$62,MATCH(B13,'Semester 1'!$B$7:$B$62,0),0),{4,3,3,3,3,0})+SUMPRODUCT(INDEX('Semester 2'!$D$7:$I$64,MATCH(B13,'Semester 2'!$B$7:$B$64,0),0),{4,3,3,3,4,0})+SUMPRODUCT(INDEX('Semester 3'!$D$7:$N$64,MATCH(B13,'Semester 3'!$B$7:$B$64,0),0),{3,1,2,1,2,2,1,2,1,2,2})+SUMPRODUCT(INDEX('Semester 4'!$D$7:$M$64,MATCH(B13,'Semester 4'!$B$7:$B$64,0),0),{2,1,2,1,2,1,2,3,2,2})+SUMPRODUCT(D13:N13,{2,1,2,1,2,1,2,1,3,3,0}))/88,2),""))} -> 2.57 | R13: Dropped
A14: 8 | B14: ECTE231122110 | C14: Khanza Amir | D14: 3.3 | E14: 3.3 | F14: 3.3 | G14: 3.1 | H14: 2.9 | I14: 2.7 | J14: 3.7 | K14: 3.4 | L14: 3.7 | M14: 3.1 | N14: 4 | O14: =IF(B14="","",ROUND(SUMPRODUCT(D14:N14,{2,1,2,1,2,1,2,1,3,3,0})/18,2)) -> 3.29 | P14: {=IF(B14="","",IFERROR(INDEX('Semester 4'!$O$7:$O$62,MATCH(B14,'Semester 4'!$B$7:$B$62,0)),""))} -> 3.67 | Q14: {=IF(B14="","",IFERROR(ROUND((SUMPRODUCT(INDEX('Semester 1'!$D$7:$I$62,MATCH(B14,'Semester 1'!$B$7:$B$62,0),0),{4,3,3,3,3,0})+SUMPRODUCT(INDEX('Semester 2'!$D$7:$I$64,MATCH(B14,'Semester 2'!$B$7:$B$64,0),0),{4,3,3,3,4,0})+SUMPRODUCT(INDEX('Semester 3'!$D$7:$N$64,MATCH(B14,'Semester 3'!$B$7:$B$64,0),0),{3,1,2,1,2,2,1,2,1,2,2})+SUMPRODUCT(INDEX('Semester 4'!$D$7:$M$64,MATCH(B14,'Semester 4'!$B$7:$B$64,0),0),{2,1,2,1,2,1,2,3,2,2})+SUMPRODUCT(D14:N14,{2,1,2,1,2,1,2,1,3,3,0}))/88,2),""))} -> 3.59 | R14: Promoted
A15: 9 | B15: ECTE231122111 | C15: Eman Razaq | D15: 2.5 | E15: 3 | F15: 3.3 | G15: 3.1 | H15: 2.3 | I15: 4 | J15: 3.7 | K15: 3.6 | L15: 4 | M15: 2.1 | N15: 4 | O15: =IF(B15="","",ROUND(SUMPRODUCT(D15:N15,{2,1,2,1,2,1,2,1,3,3,0})/18,2)) -> 3.09 | P15: {=IF(B15="","",IFERROR(INDEX('Semester 4'!$O$7:$O$62,MATCH(B15,'Semester 4'!$B$7:$B$62,0)),""))} -> 3.26 | Q15: {=IF(B15="","",IFERROR(ROUND((SUMPRODUCT(INDEX('Semester 1'!$D$7:$I$62,MATCH(B15,'Semester 1'!$B$7:$B$62,0),0),{4,3,3,3,3,0})+SUMPRODUCT(INDEX('Semester 2'!$D$7:$I$64,MATCH(B15,'Semester 2'!$B$7:$B$64,0),0),{4,3,3,3,4,0})+SUMPRODUCT(INDEX('Semester 3'!$D$7:$N$64,MATCH(B15,'Semester 3'!$B$7:$B$64,0),0),{3,1,2,1,2,2,1,2,1,2,2})+SUMPRODUCT(INDEX('Semester 4'!$D$7:$M$64,MATCH(B15,'Semester 4'!$B$7:$B$64,0),0),{2,1,2,1,2,1,2,3,2,2})+SUMPRODUCT(D15:N15,{2,1,2,1,2,1,2,1,3,3,0}))/88,2),""))} -> 3.23 | R15: Promoted
A16: 10 | B16: ECTE231122112 | C16: Muhammad Basit | D16: 4 | E16: 4 | F16: 2.9 | G16: 2.8 | H16: 3.9 | I16: 3.9 | J16: 4 | K16: 4 | L16: 4 | M16: 4 | N16: 4 | O16: =IF(B16="","",ROUND(SUMPRODUCT(D16:N16,{2,1,2,1,2,1,2,1,3,3,0})/18,2)) -> 3.79 | P16: {=IF(B16="","",IFERROR(INDEX('Semester 4'!$O$7:$O$62,MATCH(B16,'Semester 4'!$B$7:$B$62,0)),""))} -> 3.73 | Q16: {=IF(B16="","",IFERROR(ROUND((SUMPRODUCT(INDEX('Semester 1'!$D$7:$I$62,MATCH(B16,'Semester 1'!$B$7:$B$62,0),0),{4,3,3,3,3,0})+SUMPRODUCT(INDEX('Semester 2'!$D$7:$I$64,MATCH(B16,'Semester 2'!$B$7:$B$64,0),0),{4,3,3,3,4,0})+SUMPRODUCT(INDEX('Semester 3'!$D$7:$N$64,MATCH(B16,'Semester 3'!$B$7:$B$64,0),0),{3,1,2,1,2,2,1,2,1,2,2})+SUMPRODUCT(INDEX('Semester 4'!$D$7:$M$64,MATCH(B16,'Semester 4'!$B$7:$B$64,0),0),{2,1,2,1,2,1,2,3,2,2})+SUMPRODUCT(D16:N16,{2,1,2,1,2,1,2,1,3,3,0}))/88,2),""))} -> 3.74 | R16: Promoted
A17: 11 | B17: ECTE231122116 | C17: Khuzaima Khalil | D17: 3 | E17: 3.7 | F17: 3.1 | G17: 3 | H17: 3.5 | I17: 4 | J17: 4 | K17: 3.1 | L17: 3.1 | M17: 4 | N17: 4 | O17: =IF(B17="","",ROUND(SUMPRODUCT(D17:N17,{2,1,2,1,2,1,2,1,3,3,0})/18,2)) -> 3.46 | P17: {=IF(B17="","",IFERROR(INDEX('Semester 4'!$O$7:$O$62,MATCH(B17,'Semester 4'!$B$7:$B$62,0)),""))} -> 3.44 | Q17: {=IF(B17="","",IFERROR(ROUND((SUMPRODUCT(INDEX('Semester 1'!$D$7:$I$62,MATCH(B17,'Semester 1'!$B$7:$B$62,0),0),{4,3,3,3,3,0})+SUMPRODUCT(INDEX('Semester 2'!$D$7:$I$64,MATCH(B17,'Semester 2'!$B$7:$B$64,0),0),{4,3,3,3,4,0})+SUMPRODUCT(INDEX('Semester 3'!$D$7:$N$64,MATCH(B17,'Semester 3'!$B$7:$B$64,0),0),{3,1,2,1,2,2,1,2,1,2,2})+SUMPRODUCT(INDEX('Semester 4'!$D$7:$M$64,MATCH(B17,'Semester 4'!$B$7:$B$64,0),0),{2,1,2,1,2,1,2,3,2,2})+SUMPRODUCT(D17:N17,{2,1,2,1,2,1,2,1,3,3,0}))/88,2),""))} -> 3.44 | R17: Promoted
A18: 12 | B18: ECTE231122117 | C18: Laiba | D18: 0 | E18: 0 | F18: 0 | G18: 0 | H18: 0 | I18: 0 | J18: 0 | K18: 0 | L18: 0 | M18: 0 | N18: 0 | O18: =IF(B18="","",ROUND(SUMPRODUCT(D18:N18,{2,1,2,1,2,1,2,1,3,3,0})/18,2)) -> 0 | P18: {=IF(B18="","",IFERROR(INDEX('Semester 4'!$O$7:$O$62,MATCH(B18,'Semester 4'!$B$7:$B$62,0)),""))} -> 3.53 | Q18: {=IF(B18="","",IFERROR(ROUND((SUMPRODUCT(INDEX('Semester 1'!$D$7:$I$62,MATCH(B18,'Semester 1'!$B$7:$B$62,0),0),{4,3,3,3,3,0})+SUMPRODUCT(INDEX('Semester 2'!$D$7:$I$64,MATCH(B18,'Semester 2'!$B$7:$B$64,0),0),{4,3,3,3,4,0})+SUMPRODUCT(INDEX('Semester 3'!$D$7:$N$64,MATCH(B18,'Semester 3'!$B$7:$B$64,0),0),{3,1,2,1,2,2,1,2,1,2,2})+SUMPRODUCT(INDEX('Semester 4'!$D$7:$M$64,MATCH(B18,'Semester 4'!$B$7:$B$64,0),0),{2,1,2,1,2,1,2,3,2,2})+SUMPRODUCT(D18:N18,{2,1,2,1,2,1,2,1,3,3,0}))/88,2),""))} -> 2.81 | R18: Dropped
... A52: 46 | B52: ECTE231122156 | C52: Usaid Iqbal | D52: 2.8 | E52: 3.3 | F52: 3 | G52: 2.5 | H52: 2.6 | I52: 2.3 | J52: 4 | K52: 4 | L52: 3.7 | M52: 3.6 | N52: 4 | O52: =IF(B52="","",ROUND(SUMPRODUCT(D52:N52,{2,1,2,1,2,1,2,1,3,3,0})/18,2)) -> 3.27 | P52: {=IF(B52="","",IFERROR(INDEX('Semester 4'!$O$7:$O$62,MATCH(B52,'Semester 4'!$B$7:$B$62,0)),""))} -> 3.08 | Q52: {=IF(B52="","",IFERROR(ROUND((SUMPRODUCT(INDEX('Semester 1'!$D$7:$I$62,MATCH(B52,'Semester 1'!$B$7:$B$62,0),0),{4,3,3,3,3,0})+SUMPRODUCT(INDEX('Semester 2'!$D$7:$I$64,MATCH(B52,'Semester 2'!$B$7:$B$64,0),0),{4,3,3,3,4,0})+SUMPRODUCT(INDEX('Semester 3'!$D$7:$N$64,MATCH(B52,'Semester 3'!$B$7:$B$64,0),0),{3,1,2,1,2,2,1,2,1,2,2})+SUMPRODUCT(INDEX('Semester 4'!$D$7:$M$64,MATCH(B52,'Semester 4'!$B$7:$B$64,0),0),{2,1,2,1,2,1,2,3,2,2})+SUMPRODUCT(D52:N52,{2,1,2,1,2,1,2,1,3,3,0}))/88,2),""))} -> 3.12 | R52: Promoted

Sheet Semester 6
A1: EMERSON UNIVERSITY MULTAN
A2: DEPARTMENT OF COMPUTING & EMERGING TECHNOLOGIES
A3: SEMESTER RESULT
A4: Programme: BS Cyber Security Session: 2023-27 SEMESTER 6 EVENING
A6: Sr# | B6: Roll # | C6: Name of Students | D6: CYSE-3145 | E6: CYSE-3245 | F6: CYSE-3134 | G6: CYSE-3234 | H6: CYSE-3147 | I6: CYSE-3247 | J6: BUAD-2123 | K6: MATH-3181 | L6: ENGL-3184 | M6: SGPA | N6: CGPA | O6: Remarks | P6: Supply
A7: 1 | B7: ECTE231122101 | C7: Muhammad Shahzaib | D7: 3.1 | E7: 3 | F7: 3.7 | G7: 3.5 | H7: 4 | I7: 4 | J7: 3.1 | K7: 3.1 | L7: 3.7 | M7: =IF(B7="","",ROUND(SUMPRODUCT(D7:L7,{2,1,2,1,2,1,3,3,3})/18,2)) -> 3.43 | N7: {=IF(B7="","",ROUND((IFERROR(SUMPRODUCT(INDEX('Semester 1'!$D$7:$I$62,MATCH(B7,'Semester 1'!$B$7:$B$62,0),0),{4,3,3,3,3,0}),0)+IFERROR(SUMPRODUCT(INDEX('Semester 2'!$D$7:$I$64,MATCH(B7,'Semester 2'!$B$7:$B$64,0),0),{4,3,3,3,4,0}),0)+IFERROR(SUMPRODUCT(INDEX('Semester 3'!$D$7:$N$64,MATCH(B7,'Semester 3'!$B$7:$B$64,0),0),{3,1,2,1,2,2,1,2,1,2,2}),0)+IFERROR(SUMPRODUCT(INDEX('Semester 4'!$D$7:$M$64,MATCH(B7,'Semester 4'!$B$7:$B$64,0),0),{2,1,2,1,2,1,2,3,2,2}),0)+IFERROR(SUMPRODUCT(INDEX('Semester 5'!$D$7:$N$54,MATCH(B7,'Semester 5'!$B$7:$B$54,0),0),{2,1,2,1,2,1,2,1,3,2,0}),0)+SUMPRODUCT(D7:L7,{2,1,2,1,2,1,3,3,3}))/105,2))} -> 3.53 | O7: =IF(AND(N7>=2,N7<=4),"Promoted","Dropped") -> Promoted
A8: 2 | B8: ECTE231122102 | C8: Misbah Bibi | D8: 4 | E8: 3.7 | F8: 4 | G8: 4 | H8: 4 | I8: 4 | J8: 4 | K8: 3.3 | L8: 4 | M8: =IF(B8="","",ROUND(SUMPRODUCT(D8:L8,{2,1,2,1,2,1,3,3,3})/18,2)) -> 3.87 | N8: {=IF(B8="","",ROUND((IFERROR(SUMPRODUCT(INDEX('Semester 1'!$D$7:$I$62,MATCH(B8,'Semester 1'!$B$7:$B$62,0),0),{4,3,3,3,3,0}),0)+IFERROR(SUMPRODUCT(INDEX('Semester 2'!$D$7:$I$64,MATCH(B8,'Semester 2'!$B$7:$B$64,0),0),{4,3,3,3,4,0}),0)+IFERROR(SUMPRODUCT(INDEX('Semester 3'!$D$7:$N$64,MATCH(B8,'Semester 3'!$B$7:$B$64,0),0),{3,1,2,1,2,2,1,2,1,2,2}),0)+IFERROR(SUMPRODUCT(INDEX('Semester 4'!$D$7:$M$64,MATCH(B8,'Semester 4'!$B$7:$B$64,0),0),{2,1,2,1,2,1,2,3,2,2}),0)+IFERROR(SUMPRODUCT(INDEX('Semester 5'!$D$7:$N$54,MATCH(B8,'Semester 5'!$B$7:$B$54,0),0),{2,1,2,1,2,1,2,1,3,2,0}),0)+SUMPRODUCT(D8:L8,{2,1,2,1,2,1,3,3,3}))/105,2))} -> 3.73 | O8: =IF(AND(N8>=2,N8<=4),"Promoted","Dropped") -> Promoted
A9: 3 | B9: ECTE231122103 | C9: Romaisa Khan | D9: 3.2 | E9: 3 | F9: 3.9 | G9: 3.3 | H9: 4 | I9: 4 | J9: 4 | K9: 2.5 | L9: 3.6 | M9: =IF(B9="","",ROUND(SUMPRODUCT(D9:L9,{2,1,2,1,2,1,3,3,3})/18,2)) -> 3.49 | N9: {=IF(B9="","",ROUND((IFERROR(SUMPRODUCT(INDEX('Semester 1'!$D$7:$I$62,MATCH(B9,'Semester 1'!$B$7:$B$62,0),0),{4,3,3,3,3,0}),0)+IFERROR(SUMPRODUCT(INDEX('Semester 2'!$D$7:$I$64,MATCH(B9,'Semester 2'!$B$7:$B$64,0),0),{4,3,3,3,4,0}),0)+IFERROR(SUMPRODUCT(INDEX('Semester 3'!$D$7:$N$64,MATCH(B9,'Semester 3'!$B$7:$B$64,0),0),{3,1,2,1,2,2,1,2,1,2,2}),0)+IFERROR(SUMPRODUCT(INDEX('Semester 4'!$D$7:$M$64,MATCH(B9,'Semester 4'!$B$7:$B$64,0),0),{2,1,2,1,2,1,2,3,2,2}),0)+IFERROR(SUMPRODUCT(INDEX('Semester 5'!$D$7:$N$54,MATCH(B9,'Semester 5'!$B$7:$B$54,0),0),{2,1,2,1,2,1,2,1,3,2,0}),0)+SUMPRODUCT(D9:L9,{2,1,2,1,2,1,3,3,3}))/105,2))} -> 3.69 | O9: =IF(AND(N9>=2,N9<=4),"Promoted","Dropped") -> Promoted
A10: 4 | B10: ECTE231122104 | C10: Javed Iqbal | D10: 3.5 | E10: 3.4 | F10: 3.3 | G10: 3.8 | H10: 3.9 | I10: 4 | J10: 3.1 | K10: 4 | L10: 4 | M10: =IF(B10="","",ROUND(SUMPRODUCT(D10:L10,{2,1,2,1,2,1,3,3,3})/18,2)) -> 3.66 | N10: {=IF(B10="","",ROUND((IFERROR(SUMPRODUCT(INDEX('Semester 1'!$D$7:$I$62,MATCH(B10,'Semester 1'!$B$7:$B$62,0),0),{4,3,3,3,3,0}),0)+IFERROR(SUMPRODUCT(INDEX('Semester 2'!$D$7:$I$64,MATCH(B10,'Semester 2'!$B$7:$B$64,0),0),{4,3,3,3,4,0}),0)+IFERROR(SUMPRODUCT(INDEX('Semester 3'!$D$7:$N$64,MATCH(B10,'Semester 3'!$B$7:$B$64,0),0),{3,1,2,1,2,2,1,2,1,2,2}),0)+IFERROR(SUMPRODUCT(INDEX('Semester 4'!$D$7:$M$64,MATCH(B10,'Semester 4'!$B$7:$B$64,0),0),{2,1,2,1,2,1,2,3,2,2}),0)+IFERROR(SUMPRODUCT(INDEX('Semester 5'!$D$7:$N$54,MATCH(B10,'Semester 5'!$B$7:$B$54,0),0),{2,1,2,1,2,1,2,1,3,2,0}),0)+SUMPRODUCT(D10:L10,{2,1,2,1,2,1,3,3,3}))/105,2))} -> 3.45 | O10: =IF(AND(N10>=2,N10<=4),"Promoted","Dropped") -> Promoted
A11: 5 | B11: ECTE231122105 | C11: Muhammad Toheed Sahar | D11: 0 | E11: 0 | F11: 0 | G11: 0 | H11: 0 | I11: 0 | J11: 0 | K11: 0 | L11: 0 | M11: =IF(B11="","",ROUND(SUMPRODUCT(D11:L11,{2,1,2,1,2,1,3,3,3})/18,2)) -> 0 | N11: {=IF(B11="","",ROUND((IFERROR(SUMPRODUCT(INDEX('Semester 1'!$D$7:$I$62,MATCH(B11,'Semester 1'!$B$7:$B$62,0),0),{4,3,3,3,3,0}),0)+IFERROR(SUMPRODUCT(INDEX('Semester 2'!$D$7:$I$64,MATCH(B11,'Semester 2'!$B$7:$B$64,0),0),{4,3,3,3,4,0}),0)+IFERROR(SUMPRODUCT(INDEX('Semester 3'!$D$7:$N$64,MATCH(B11,'Semester 3'!$B$7:$B$64,0),0),{3,1,2,1,2,2,1,2,1,2,2}),0)+IFERROR(SUMPRODUCT(INDEX('Semester 4'!$D$7:$M$64,MATCH(B11,'Semester 4'!$B$7:$B$64,0),0),{2,1,2,1,2,1,2,3,2,2}),0)+IFERROR(SUMPRODUCT(INDEX('Semester 5'!$D$7:$N$54,MATCH(B11,'Semester 5'!$B$7:$B$54,0),0),{2,1,2,1,2,1,2,1,3,2,0}),0)+SUMPRODUCT(D11:L11,{2,1,2,1,2,1,3,3,3}))/105,2))} -> 0.52 | O11: =IF(AND(N11>=2,N11<=4),"Promoted","Dropped") -> Dropped
A12: 6 | B12: ECTE231122106 | C12: Muhammad Sanawar Ali | D12: 3 | E12: 2.9 | F12: 3.1 | G12: 3.5 | H12: 4 | I12: 4 | J12: 2.9 | K12: 2 | L12: 2.4 | M12: =IF(B12="","",ROUND(SUMPRODUCT(D12:L12,{2,1,2,1,2,1,3,3,3})/18,2)) -> 2.92 | N12: {=IF(B12="","",ROUND((IFERROR(SUMPRODUCT(INDEX('Semester 1'!$D$7:$I$62,MATCH(B12,'Semester 1'!$B$7:$B$62,0),0),{4,3,3,3,3,0}),0)+IFERROR(SUMPRODUCT(INDEX('Semester 2'!$D$7:$I$64,MATCH(B12,'Semester 2'!$B$7:$B$64,0),0),{4,3,3,3,4,0}),0)+IFERROR(SUMPRODUCT(INDEX('Semester 3'!$D$7:$N$64,MATCH(B12,'Semester 3'!$B$7:$B$64,0),0),{3,1,2,1,2,2,1,2,1,2,2}),0)+IFERROR(SUMPRODUCT(INDEX('Semester 4'!$D$7:$M$64,MATCH(B12,'Semester 4'!$B$7:$B$64,0),0),{2,1,2,1,2,1,2,3,2,2}),0)+IFERROR(SUMPRODUCT(INDEX('Semester 5'!$D$7:$N$54,MATCH(B12,'Semester 5'!$B$7:$B$54,0),0),{2,1,2,1,2,1,2,1,3,2,0}),0)+SUMPRODUCT(D12:L12,{2,1,2,1,2,1,3,3,3}))/105,2))} -> 3.06 | O12: =IF(AND(N12>=2,N12<=4),"Promoted","Dropped") -> Promoted
A13: 7 | B13: ECTE231122107 | C13: Hira Zafar | D13: 3.7 | E13: 3.5 | F13: 3.9 | G13: 4 | H13: 4 | I13: 4 | J13: 4 | K13: 4 | L13: 4 | M13: =IF(B13="","",ROUND(SUMPRODUCT(D13:L13,{2,1,2,1,2,1,3,3,3})/18,2)) -> 3.93 | N13: {=IF(B13="","",ROUND((IFERROR(SUMPRODUCT(INDEX('Semester 1'!$D$7:$I$62,MATCH(B13,'Semester 1'!$B$7:$B$62,0),0),{4,3,3,3,3,0}),0)+IFERROR(SUMPRODUCT(INDEX('Semester 2'!$D$7:$I$64,MATCH(B13,'Semester 2'!$B$7:$B$64,0),0),{4,3,3,3,4,0}),0)+IFERROR(SUMPRODUCT(INDEX('Semester 3'!$D$7:$N$64,MATCH(B13,'Semester 3'!$B$7:$B$64,0),0),{3,1,2,1,2,2,1,2,1,2,2}),0)+IFERROR(SUMPRODUCT(INDEX('Semester 4'!$D$7:$M$64,MATCH(B13,'Semester 4'!$B$7:$B$64,0),0),{2,1,2,1,2,1,2,3,2,2}),0)+IFERROR(SUMPRODUCT(INDEX('Semester 5'!$D$7:$N$54,MATCH(B13,'Semester 5'!$B$7:$B$54,0),0),{2,1,2,1,2,1,2,1,3,2,0}),0)+SUMPRODUCT(D13:L13,{2,1,2,1,2,1,3,3,3}))/105,2))} -> 3.73 | O13: =IF(AND(N13>=2,N13<=4),"Promoted","Dropped") -> Promoted
A14: 8 | B14: ECTE231122108 | C14: Muhammad Naveed | D14: 0 | E14: 0 | F14: 0 | G14: 0 | H14: 0 | I14: 0 | J14: 0 | K14: 0 | L14: 0 | M14: =IF(B14="","",ROUND(SUMPRODUCT(D14:L14,{2,1,2,1,2,1,3,3,3})/18,2)) -> 0 | N14: {=IF(B14="","",ROUND((IFERROR(SUMPRODUCT(INDEX('Semester 1'!$D$7:$I$62,MATCH(B14,'Semester 1'!$B$7:$B$62,0),0),{4,3,3,3,3,0}),0)+IFERROR(SUMPRODUCT(INDEX('Semester 2'!$D$7:$I$64,MATCH(B14,'Semester 2'!$B$7:$B$64,0),0),{4,3,3,3,4,0}),0)+IFERROR(SUMPRODUCT(INDEX('Semester 3'!$D$7:$N$64,MATCH(B14,'Semester 3'!$B$7:$B$64,0),0),{3,1,2,1,2,2,1,2,1,2,2}),0)+IFERROR(SUMPRODUCT(INDEX('Semester 4'!$D$7:$M$64,MATCH(B14,'Semester 4'!$B$7:$B$64,0),0),{2,1,2,1,2,1,2,3,2,2}),0)+IFERROR(SUMPRODUCT(INDEX('Semester 5'!$D$7:$N$54,MATCH(B14,'Semester 5'!$B$7:$B$54,0),0),{2,1,2,1,2,1,2,1,3,2,0}),0)+SUMPRODUCT(D14:L14,{2,1,2,1,2,1,3,3,3}))/105,2))} -> 0.38 | O14: =IF(AND(N14>=2,N14<=4),"Promoted","Dropped") -> Dropped
A15: 9 | B15: ECTE231122109 | C15: Hamna Iqbal | D15: 0 | E15: 0 | F15: 0 | G15: 0 | H15: 0 | I15: 0 | J15: 0 | K15: 0 | L15: 0 | M15: =IF(B15="","",ROUND(SUMPRODUCT(D15:L15,{2,1,2,1,2,1,3,3,3})/18,2)) -> 0 | N15: {=IF(B15="","",ROUND((IFERROR(SUMPRODUCT(INDEX('Semester 1'!$D$7:$I$62,MATCH(B15,'Semester 1'!$B$7:$B$62,0),0),{4,3,3,3,3,0}),0)+IFERROR(SUMPRODUCT(INDEX('Semester 2'!$D$7:$I$64,MATCH(B15,'Semester 2'!$B$7:$B$64,0),0),{4,3,3,3,4,0}),0)+IFERROR(SUMPRODUCT(INDEX('Semester 3'!$D$7:$N$64,MATCH(B15,'Semester 3'!$B$7:$B$64,0),0),{3,1,2,1,2,2,1,2,1,2,2}),0)+IFERROR(SUMPRODUCT(INDEX('Semester 4'!$D$7:$M$64,MATCH(B15,'Semester 4'!$B$7:$B$64,0),0),{2,1,2,1,2,1,2,3,2,2}),0)+IFERROR(SUMPRODUCT(INDEX('Semester 5'!$D$7:$N$54,MATCH(B15,'Semester 5'!$B$7:$B$54,0),0),{2,1,2,1,2,1,2,1,3,2,0}),0)+SUMPRODUCT(D15:L15,{2,1,2,1,2,1,3,3,3}))/105,2))} -> 2.16 | O15: =IF(AND(N15>=2,N15<=4),"Promoted","Dropped") -> Promoted
A16: 10 | B16: ECTE231122110 | C16: Khansa Aamir | D16: 4 | E16: 3.7 | F16: 4 | G16: 3.9 | H16: 4 | I16: 4 | J16: 4 | K16: 2.3 | L16: 4 | M16: =IF(B16="","",ROUND(SUMPRODUCT(D16:L16,{2,1,2,1,2,1,3,3,3})/18,2)) -> 3.69 | N16: {=IF(B16="","",ROUND((IFERROR(SUMPRODUCT(INDEX('Semester 1'!$D$7:$I$62,MATCH(B16,'Semester 1'!$B$7:$B$62,0),0),{4,3,3,3,3,0}),0)+IFERROR(SUMPRODUCT(INDEX('Semester 2'!$D$7:$I$64,MATCH(B16,'Semester 2'!$B$7:$B$64,0),0),{4,3,3,3,4,0}),0)+IFERROR(SUMPRODUCT(INDEX('Semester 3'!$D$7:$N$64,MATCH(B16,'Semester 3'!$B$7:$B$64,0),0),{3,1,2,1,2,2,1,2,1,2,2}),0)+IFERROR(SUMPRODUCT(INDEX('Semester 4'!$D$7:$M$64,MATCH(B16,'Semester 4'!$B$7:$B$64,0),0),{2,1,2,1,2,1,2,3,2,2}),0)+IFERROR(SUMPRODUCT(INDEX('Semester 5'!$D$7:$N$54,MATCH(B16,'Semester 5'!$B$7:$B$54,0),0),{2,1,2,1,2,1,2,1,3,2,0}),0)+SUMPRODUCT(D16:L16,{2,1,2,1,2,1,3,3,3}))/105,2))} -> 3.61 | O16: =IF(AND(N16>=2,N16<=4),"Promoted","Dropped") -> Promoted
A17: 11 | B17: ECTE231122111 | C17: Eman Razaq | D17: 3.5 | E17: 3.3 | F17: 3.9 | G17: 3.7 | H17: 4 | I17: 4 | J17: 4 | K17: 2.1 | L17: 4 | M17: =IF(B17="","",ROUND(SUMPRODUCT(D17:L17,{2,1,2,1,2,1,3,3,3})/18,2)) -> 3.56 | N17: {=IF(B17="","",ROUND((IFERROR(SUMPRODUCT(INDEX('Semester 1'!$D$7:$I$62,MATCH(B17,'Semester 1'!$B$7:$B$62,0),0),{4,3,3,3,3,0}),0)+IFERROR(SUMPRODUCT(INDEX('Semester 2'!$D$7:$I$64,MATCH(B17,'Semester 2'!$B$7:$B$64,0),0),{4,3,3,3,4,0}),0)+IFERROR(SUMPRODUCT(INDEX('Semester 3'!$D$7:$N$64,MATCH(B17,'Semester 3'!$B$7:$B$64,0),0),{3,1,2,1,2,2,1,2,1,2,2}),0)+IFERROR(SUMPRODUCT(INDEX('Semester 4'!$D$7:$M$64,MATCH(B17,'Semester 4'!$B$7:$B$64,0),0),{2,1,2,1,2,1,2,3,2,2}),0)+IFERROR(SUMPRODUCT(INDEX('Semester 5'!$D$7:$N$54,MATCH(B17,'Semester 5'!$B$7:$B$54,0),0),{2,1,2,1,2,1,2,1,3,2,0}),0)+SUMPRODUCT(D17:L17,{2,1,2,1,2,1,3,3,3}))/105,2))} -> 3.3 | O17: =IF(AND(N17>=2,N17<=4),"Promoted","Dropped") -> Promoted
A18: 12 | B18: ECTE231122112 | C18: Muhammad Basit | D18: 4 | E18: 3.8 | F18: 3.6 | G18: 3.3 | H18: 4 | I18: 4 | J18: 3.6 | K18: 4 | L18: 3.6 | M18: =IF(B18="","",ROUND(SUMPRODUCT(D18:L18,{2,1,2,1,2,1,3,3,3})/18,2)) -> 3.77 | N18: {=IF(B18="","",ROUND((IFERROR(SUMPRODUCT(INDEX('Semester 1'!$D$7:$I$62,MATCH(B18,'Semester 1'!$B$7:$B$62,0),0),{4,3,3,3,3,0}),0)+IFERROR(SUMPRODUCT(INDEX('Semester 2'!$D$7:$I$64,MATCH(B18,'Semester 2'!$B$7:$B$64,0),0),{4,3,3,3,4,0}),0)+IFERROR(SUMPRODUCT(INDEX('Semester 3'!$D$7:$N$64,MATCH(B18,'Semester 3'!$B$7:$B$64,0),0),{3,1,2,1,2,2,1,2,1,2,2}),0)+IFERROR(SUMPRODUCT(INDEX('Semester 4'!$D$7:$M$64,MATCH(B18,'Semester 4'!$B$7:$B$64,0),0),{2,1,2,1,2,1,2,3,2,2}),0)+IFERROR(SUMPRODUCT(INDEX('Semester 5'!$D$7:$N$54,MATCH(B18,'Semester 5'!$B$7:$B$54,0),0),{2,1,2,1,2,1,2,1,3,2,0}),0)+SUMPRODUCT(D18:L18,{2,1,2,1,2,1,3,3,3}))/105,2))} -> 3.75 | O18: =IF(AND(N18>=2,N18<=4),"Promoted","Dropped") -> Promoted
... A22: 16 | B22: ECTE231122116 | C22: Khuzaima Khalil | D22: 3.3 | E22: 3.1 | F22: 3.9 | G22: 3.7 | H22: 4 | I22: 4 | J22: 4 | K22: 2 | L22: 3.4 | M22: =IF(B22="","",ROUND(SUMPRODUCT(D22:L22,{2,1,2,1,2,1,3,3,3})/18,2)) -> 3.41 | N22: {=IF(B22="","",ROUND((IFERROR(SUMPRODUCT(INDEX('Semester 1'!$D$7:$I$62,MATCH(B22,'Semester 1'!$B$7:$B$62,0),0),{4,3,3,3,3,0}),0)+IFERROR(SUMPRODUCT(INDEX('Semester 2'!$D$7:$I$64,MATCH(B22,'Semester 2'!$B$7:$B$64,0),0),{4,3,3,3,4,0}),0)+IFERROR(SUMPRODUCT(INDEX('Semester 3'!$D$7:$N$64,MATCH(B22,'Semester 3'!$B$7:$B$64,0),0),{3,1,2,1,2,2,1,2,1,2,2}),0)+IFERROR(SUMPRODUCT(INDEX('Semester 4'!$D$7:$M$64,MATCH(B22,'Semester 4'!$B$7:$B$64,0),0),{2,1,2,1,2,1,2,3,2,2}),0)+IFERROR(SUMPRODUCT(INDEX('Semester 5'!$D$7:$N$54,MATCH(B22,'Semester 5'!$B$7:$B$54,0),0),{2,1,2,1,2,1,2,1,3,2,0}),0)+SUMPRODUCT(D22:L22,{2,1,2,1,2,1,3,3,3}))/105,2))} -> 3.43 | O22: =IF(AND(N22>=2,N22<=4),"Promoted","Dropped") -> Promoted
A23: 17 | B23: ECTE231122117 | C23: Laiba | D23: 0 | E23: 0 | F23: 0 | G23: 0 | H23: 0 | I23: 0 | J23: 0 | K23: 0 | L23: 0 | M23: =IF(B23="","",ROUND(SUMPRODUCT(D23:L23,{2,1,2,1,2,1,3,3,3})/18,2)) -> 0 | N23: {=IF(B23="","",ROUND((IFERROR(SUMPRODUCT(INDEX('Semester 1'!$D$7:$I$62,MATCH(B23,'Semester 1'!$B$7:$B$62,0),0),{4,3,3,3,3,0}),0)+IFERROR(SUMPRODUCT(INDEX('Semester 2'!$D$7:$I$64,MATCH(B23,'Semester 2'!$B$7:$B$64,0),0),{4,3,3,3,4,0}),0)+IFERROR(SUMPRODUCT(INDEX('Semester 3'!$D$7:$N$64,MATCH(B23,'Semester 3'!$B$7:$B$64,0),0),{3,1,2,1,2,2,1,2,1,2,2}),0)+IFERROR(SUMPRODUCT(INDEX('Semester 4'!$D$7:$M$64,MATCH(B23,'Semester 4'!$B$7:$B$64,0),0),{2,1,2,1,2,1,2,3,2,2}),0)+IFERROR(SUMPRODUCT(INDEX('Semester 5'!$D$7:$N$54,MATCH(B23,'Semester 5'!$B$7:$B$54,0),0),{2,1,2,1,2,1,2,1,3,2,0}),0)+SUMPRODUCT(D23:L23,{2,1,2,1,2,1,3,3,3}))/105,2))} -> 2.35 | O23: Dropped
A24: 18 | B24: ECTE231122118 | C24: Allah Nawaz | D24: 3.5 | E24: 3.5 | F24: 3 | G24: 3.7 | H24: 3.7 | I24: 3.3 | J24: 3 | K24: 2 | L24: 3.2 | M24: =IF(B24="","",ROUND(SUMPRODUCT(D24:L24,{2,1,2,1,2,1,3,3,3})/18,2)) -> 3.08 | N24: {=IF(B24="","",ROUND((IFERROR(SUMPRODUCT(INDEX('Semester 1'!$D$7:$I$62,MATCH(B24,'Semester 1'!$B$7:$B$62,0),0),{4,3,3,3,3,0}),0)+IFERROR(SUMPRODUCT(INDEX('Semester 2'!$D$7:$I$64,MATCH(B24,'Semester 2'!$B$7:$B$64,0),0),{4,3,3,3,4,0}),0)+IFERROR(SUMPRODUCT(INDEX('Semester 3'!$D$7:$N$64,MATCH(B24,'Semester 3'!$B$7:$B$64,0),0),{3,1,2,1,2,2,1,2,1,2,2}),0)+IFERROR(SUMPRODUCT(INDEX('Semester 4'!$D$7:$M$64,MATCH(B24,'Semester 4'!$B$7:$B$64,0),0),{2,1,2,1,2,1,2,3,2,2}),0)+IFERROR(SUMPRODUCT(INDEX('Semester 5'!$D$7:$N$54,MATCH(B24,'Semester 5'!$B$7:$B$54,0),0),{2,1,2,1,2,1,2,1,3,2,0}),0)+SUMPRODUCT(D24:L24,{2,1,2,1,2,1,3,3,3}))/105,2))} -> 3.16 | O24: =IF(AND(N24>=2,N24<=4),"Promoted","Dropped") -> Promoted
A25: 19 | B25: ECTE231122119 | C25: Muhammad Talha Zaffar | D25: 4 | E25: 3.8 | F25: 3.3 | G25: 3.3 | H25: 3.8 | I25: 4 | J25: 3.3 | K25: 2.9 | L25: 3.9 | M25: =IF(B25="","",ROUND(SUMPRODUCT(D25:L25,{2,1,2,1,2,1,3,3,3})/18,2)) -> 3.53 | N25: {=IF(B25="","",ROUND((IFERROR(SUMPRODUCT(INDEX('Semester 1'!$D$7:$I$62,MATCH(B25,'Semester 1'!$B$7:$B$62,0),0),{4,3,3,3,3,0}),0)+IFERROR(SUMPRODUCT(INDEX('Semester 2'!$D$7:$I$64,MATCH(B25,'Semester 2'!$B$7:$B$64,0),0),{4,3,3,3,4,0}),0)+IFERROR(SUMPRODUCT(INDEX('Semester 3'!$D$7:$N$64,MATCH(B25,'Semester 3'!$B$7:$B$64,0),0),{3,1,2,1,2,2,1,2,1,2,2}),0)+IFERROR(SUMPRODUCT(INDEX('Semester 4'!$D$7:$M$64,MATCH(B25,'Semester 4'!$B$7:$B$64,0),0),{2,1,2,1,2,1,2,3,2,2}),0)+IFERROR(SUMPRODUCT(INDEX('Semester 5'!$D$7:$N$54,MATCH(B25,'Semester 5'!$B$7:$B$54,0),0),{2,1,2,1,2,1,2,1,3,2,0}),0)+SUMPRODUCT(D25:L25,{2,1,2,1,2,1,3,3,3}))/105,2))} -> 3.43 | O25: =IF(AND(N25>=2,N25<=4),"Promoted","Dropped") -> Promoted
A26: 20 | B26: ECTE231122120 | C26: Ghulam Hussain | D26: 2.4 | E26: 2.2 | F26: 3.2 | G26: 3.1 | H26: 3.6 | I26: 3.3 | J26: 2.9 | K26: 2 | L26: 3.5 | M26: =IF(B26="","",ROUND(SUMPRODUCT(D26:L26,{2,1,2,1,2,1,3,3,3})/18,2)) -> 2.9 | N26: {=IF(B26="","",ROUND((IFERROR(SUMPRODUCT(INDEX('Semester 1'!$D$7:$I$62,MATCH(B26,'Semester 1'!$B$7:$B$62,0),0),{4,3,3,3,3,0}),0)+IFERROR(SUMPRODUCT(INDEX('Semester 2'!$D$7:$I$64,MATCH(B26,'Semester 2'!$B$7:$B$64,0),0),{4,3,3,3,4,0}),0)+IFERROR(SUMPRODUCT(INDEX('Semester 3'!$D$7:$N$64,MATCH(B26,'Semester 3'!$B$7:$B$64,0),0),{3,1,2,1,2,2,1,2,1,2,2}),0)+IFERROR(SUMPRODUCT(INDEX('Semester 4'!$D$7:$M$64,MATCH(B26,'Semester 4'!$B$7:$B$64,0),0),{2,1,2,1,2,1,2,3,2,2}),0)+IFERROR(SUMPRODUCT(INDEX('Semester 5'!$D$7:$N$54,MATCH(B26,'Semester 5'!$B$7:$B$54,0),0),{2,1,2,1,2,1,2,1,3,2,0}),0)+SUMPRODUCT(D26:L26,{2,1,2,1,2,1,3,3,3}))/105,2))} -> 2.6 | O26: =IF(AND(N26>=2,N26<=4),"Promoted","Dropped") -> Promoted
A27: 21 | B27: ECTE231122121 | C27: Muhammad Zahid | D27: 3 | E27: 2.8 | F27: 2.9 | G27: 3.6 | H27: 3.7 | I27: 4 | J27: 3.1 | K27: 4 | L27: 3.1 | M27: =IF(B27="","",ROUND(SUMPRODUCT(D27:L27,{2,1,2,1,2,1,3,3,3})/18,2)) -> 3.34 | N27: {=IF(B27="","",ROUND((IFERROR(SUMPRODUCT(INDEX('Semester 1'!$D$7:$I$62,MATCH(B27,'Semester 1'!$B$7:$B$62,0),0),{4,3,3,3,3,0}),0)+IFERROR(SUMPRODUCT(INDEX('Semester 2'!$D$7:$I$64,MATCH(B27,'Semester 2'!$B$7:$B$64,0),0),{4,3,3,3,4,0}),0)+IFERROR(SUMPRODUCT(INDEX('Semester 3'!$D$7:$N$64,MATCH(B27,'Semester 3'!$B$7:$B$64,0),0),{3,1,2,1,2,2,1,2,1,2,2}),0)+IFERROR(SUMPRODUCT(INDEX('Semester 4'!$D$7:$M$64,MATCH(B27,'Semester 4'!$B$7:$B$64,0),0),{2,1,2,1,2,1,2,3,2,2}),0)+IFERROR(SUMPRODUCT(INDEX('Semester 5'!$D$7:$N$54,MATCH(B27,'Semester 5'!$B$7:$B$54,0),0),{2,1,2,1,2,1,2,1,3,2,0}),0)+SUMPRODUCT(D27:L27,{2,1,2,1,2,1,3,3,3}))/105,2))} -> 3.32 | O27: =IF(AND(N27>=2,N27<=4),"Promoted","Dropped") -> Promoted
A28: 22 | B28: ECTE231122122 | C28: Muhammad Rayyan | D28: 2.5 | E28: 2.4 | F28: 3.1 | G28: 3.3 | H28: 3.7 | I28: 4 | J28: 3.7 | K28: 2 | L28: 3.5 | M28: =IF(B28="","",ROUND(SUMPRODUCT(D28:L28,{2,1,2,1,2,1,3,3,3})/18,2)) -> 3.11 | N28: {=IF(B28="","",ROUND((IFERROR(SUMPRODUCT(INDEX('Semester 1'!$D$7:$I$62,MATCH(B28,'Semester 1'!$B$7:$B$62,0),0),{4,3,3,3,3,0}),0)+IFERROR(SUMPRODUCT(INDEX('Semester 2'!$D$7:$I$64,MATCH(B28,'Semester 2'!$B$7:$B$64,0),0),{4,3,3,3,4,0}),0)+IFERROR(SUMPRODUCT(INDEX('Semester 3'!$D$7:$N$64,MATCH(B28,'Semester 3'!$B$7:$B$64,0),0),{3,1,2,1,2,2,1,2,1,2,2}),0)+IFERROR(SUMPRODUCT(INDEX('Semester 4'!$D$7:$M$64,MATCH(B28,'Semester 4'!$B$7:$B$64,0),0),{2,1,2,1,2,1,2,3,2,2}),0)+IFERROR(SUMPRODUCT(INDEX('Semester 5'!$D$7:$N$54,MATCH(B28,'Semester 5'!$B$7:$B$54,0),0),{2,1,2,1,2,1,2,1,3,2,0}),0)+SUMPRODUCT(D28:L28,{2,1,2,1,2,1,3,3,3}))/105,2))} -> 3.02 | O28: =IF(AND(N28>=2,N28<=4),"Promoted","Dropped") -> Promoted
A29: 23 | B29: ECTE231122123 | C29: Muhammad Saad Habib | D29: 3.4 | E29: 3.2 | F29: 3.7 | G29: 3.6 | H29: 0 | I29: 3.3 | J29: 3.3 | K29: 2.7 | L29: 3.3 | M29: =IF(B29="","",ROUND(SUMPRODUCT(D29:L29,{2,1,2,1,2,1,3,3,3})/18,2)) -> 2.9 | N29: {=IF(B29="","",ROUND((IFERROR(SUMPRODUCT(INDEX('Semester 1'!$D$7:$I$62,MATCH(B29,'Semester 1'!$B$7:$B$62,0),0),{4,3,3,3,3,0}),0)+IFERROR(SUMPRODUCT(INDEX('Semester 2'!$D$7:$I$64,MATCH(B29,'Semester 2'!$B$7:$B$64,0),0),{4,3,3,3,4,0}),0)+IFERROR(SUMPRODUCT(INDEX('Semester 3'!$D$7:$N$64,MATCH(B29,'Semester 3'!$B$7:$B$64,0),0),{3,1,2,1,2,2,1,2,1,2,2}),0)+IFERROR(SUMPRODUCT(INDEX('Semester 4'!$D$7:$M$64,MATCH(B29,'Semester 4'!$B$7:$B$64,0),0),{2,1,2,1,2,1,2,3,2,2}),0)+IFERROR(SUMPRODUCT(INDEX('Semester 5'!$D$7:$N$54,MATCH(B29,'Semester 5'!$B$7:$B$54,0),0),{2,1,2,1,2,1,2,1,3,2,0}),0)+SUMPRODUCT(D29:L29,{2,1,2,1,2,1,3,3,3}))/105,2))} -> 3.29 | O29: =IF(AND(N29>=2,N29<=4),"Promoted","Dropped") -> Promoted
A30: 24 | B30: ECTE231122124 | C30: Muhammad Imran | D30: 3.1 | E30: 2.9 | F30: 2.8 | G30: 3.3 | H30: 3.7 | I30: 4 | J30: 2.7 | K30: 2.2 | L30: 3.4 | M30: =IF(B30="","",ROUND(SUMPRODUCT(D30:L30,{2,1,2,1,2,1,3,3,3})/18,2)) -> 3.02 | N30: {=IF(B30="","",ROUND((IFERROR(SUMPRODUCT(INDEX('Semester 1'!$D$7:$I$62,MATCH(B30,'Semester 1'!$B$7:$B$62,0),0),{4,3,3,3,3,0}),0)+IFERROR(SUMPRODUCT(INDEX('Semester 2'!$D$7:$I$64,MATCH(B30,'Semester 2'!$B$7:$B$64,0),0),{4,3,3,3,4,0}),0)+IFERROR(SUMPRODUCT(INDEX('Semester 3'!$D$7:$N$64,MATCH(B30,'Semester 3'!$B$7:$B$64,0),0),{3,1,2,1,2,2,1,2,1,2,2}),0)+IFERROR(SUMPRODUCT(INDEX('Semester 4'!$D$7:$M$64,MATCH(B30,'Semester 4'!$B$7:$B$64,0),0),{2,1,2,1,2,1,2,3,2,2}),0)+IFERROR(SUMPRODUCT(INDEX('Semester 5'!$D$7:$N$54,MATCH(B30,'Semester 5'!$B$7:$B$54,0),0),{2,1,2,1,2,1,2,1,3,2,0}),0)+SUMPRODUCT(D30:L30,{2,1,2,1,2,1,3,3,3}))/105,2))} -> 3.2 | O30: =IF(AND(N30>=2,N30<=4),"Promoted","Dropped") -> Promoted
A31: 25 | B31: ECTE231122125 | C31: Rashid Ali | D31: 3 | E31: 3.1 | F31: 3.1 | G31: 3.3 | H31: 3.6 | I31: 4 | J31: 3.3 | K31: 2.9 | L31: 3.1 | M31: =IF(B31="","",ROUND(SUMPRODUCT(D31:L31,{2,1,2,1,2,1,3,3,3})/18,2)) -> 3.21 | N31: {=IF(B31="","",ROUND((IFERROR(SUMPRODUCT(INDEX('Semester 1'!$D$7:$I$62,MATCH(B31,'Semester 1'!$B$7:$B$62,0),0),{4,3,3,3,3,0}),0)+IFERROR(SUMPRODUCT(INDEX('Semester 2'!$D$7:$I$64,MATCH(B31,'Semester 2'!$B$7:$B$64,0),0),{4,3,3,3,4,0}),0)+IFERROR(SUMPRODUCT(INDEX('Semester 3'!$D$7:$N$64,MATCH(B31,'Semester 3'!$B$7:$B$64,0),0),{3,1,2,1,2,2,1,2,1,2,2}),0)+IFERROR(SUMPRODUCT(INDEX('Semester 4'!$D$7:$M$64,MATCH(B31,'Semester 4'!$B$7:$B$64,0),0),{2,1,2,1,2,1,2,3,2,2}),0)+IFERROR(SUMPRODUCT(INDEX('Semester 5'!$D$7:$N$54,MATCH(B31,'Semester 5'!$B$7:$B$54,0),0),{2,1,2,1,2,1,2,1,3,2,0}),0)+SUMPRODUCT(D31:L31,{2,1,2,1,2,1,3,3,3}))/105,2))} -> 2.95 | O31: =IF(AND(N31>=2,N31<=4),"Promoted","Dropped") -> Promoted
A32: 26 | B32: ECTE231122126 | C32: Muhammad Adnan Ali | D32: 3.3 | E32: 3.2 | F32: 2.5 | G32: 3.6 | H32: 3.9 | I32: 4 | J32: 3 | K32: 3.1 | L32: 3.5 | M32: =IF(B32="","",ROUND(SUMPRODUCT(D32:L32,{2,1,2,1,2,1,3,3,3})/18,2)) -> 3.28 | N32: {=IF(B32="","",ROUND((IFERROR(SUMPRODUCT(INDEX('Semester 1'!$D$7:$I$62,MATCH(B32,'Semester 1'!$B$7:$B$62,0),0),{4,3,3,3,3,0}),0)+IFERROR(SUMPRODUCT(INDEX('Semester 2'!$D$7:$I$64,MATCH(B32,'Semester 2'!$B$7:$B$64,0),0),{4,3,3,3,4,0}),0)+IFERROR(SUMPRODUCT(INDEX('Semester 3'!$D$7:$N$64,MATCH(B32,'Semester 3'!$B$7:$B$64,0),0),{3,1,2,1,2,2,1,2,1,2,2}),0)+IFERROR(SUMPRODUCT(INDEX('Semester 4'!$D$7:$M$64,MATCH(B32,'Semester 4'!$B$7:$B$64,0),0),{2,1,2,1,2,1,2,3,2,2}),0)+IFERROR(SUMPRODUCT(INDEX('Semester 5'!$D$7:$N$54,MATCH(B32,'Semester 5'!$B$7:$B$54,0),0),{2,1,2,1,2,1,2,1,3,2,0}),0)+SUMPRODUCT(D32:L32,{2,1,2,1,2,1,3,3,3}))/105,2))} -> 3.04 | O32: =IF(AND(N32>=2,N32<=4),"Promoted","Dropped") -> Promoted
A33: 27 | B33: ECTE231122127 | C33: Muhammad Sameer Abbasi | D33: 2.7 | E33: 2.7 | F33: 3.3 | G33: 3.2 | H33: 4 | I33: 4 | J33: 4 | K33: 4 | L33: 3.7 | M33: =IF(B33="","",ROUND(SUMPRODUCT(D33:L33,{2,1,2,1,2,1,3,3,3})/18,2)) -> 3.61 | N33: {=IF(B33="","",ROUND((IFERROR(SUMPRODUCT(INDEX('Semester 1'!$D$7:$I$62,MATCH(B33,'Semester 1'!$B$7:$B$62,0),0),{4,3,3,3,3,0}),0)+IFERROR(SUMPRODUCT(INDEX('Semester 2'!$D$7:$I$64,MATCH(B33,'Semester 2'!$B$7:$B$64,0),0),{4,3,3,3,4,0}),0)+IFERROR(SUMPRODUCT(INDEX('Semester 3'!$D$7:$N$64,MATCH(B33,'Semester 3'!$B$7:$B$64,0),0),{3,1,2,1,2,2,1,2,1,2,2}),0)+IFERROR(SUMPRODUCT(INDEX('Semester 4'!$D$7:$M$64,MATCH(B33,'Semester 4'!$B$7:$B$64,0),0),{2,1,2,1,2,1,2,3,2,2}),0)+IFERROR(SUMPRODUCT(INDEX('Semester 5'!$D$7:$N$54,MATCH(B33,'Semester 5'!$B$7:$B$54,0),0),{2,1,2,1,2,1,2,1,3,2,0}),0)+SUMPRODUCT(D33:L33,{2,1,2,1,2,1,3,3,3}))/105,2))} -> 2.99 | O33: =IF(AND(N33>=2,N33<=4),"Promoted","Dropped") -> Promoted
A34: 28 | B34: ECTE231122128 | C34: Hafiz Matti Ur Rehman | D34: 3.1 | E34: 2.9 | F34: 3.4 | G34: 3.1 | H34: 3.6 | I34: 4 | J34: 3.7 | K34: 3.5 | L34: 3.1 | M34: =IF(B34="","",ROUND(SUMPRODUCT(D34:L34,{2,1,2,1,2,1,3,3,3})/18,2)) -> 3.39 | N34: {=IF(B34="","",ROUND((IFERROR(SUMPRODUCT(INDEX('Semester 1'!$D$7:$I$62,MATCH(B34,'Semester 1'!$B$7:$B$62,0),0),{4,3,3,3,3,0}),0)+IFERROR(SUMPRODUCT(INDEX('Semester 2'!$D$7:$I$64,MATCH(B34,'Semester 2'!$B$7:$B$64,0),0),{4,3,3,3,4,0}),0)+IFERROR(SUMPRODUCT(INDEX('Semester 3'!$D$7:$N$64,MATCH(B34,'Semester 3'!$B$7:$B$64,0),0),{3,1,2,1,2,2,1,2,1,2,2}),0)+IFERROR(SUMPRODUCT(INDEX('Semester 4'!$D$7:$M$64,MATCH(B34,'Semester 4'!$B$7:$B$64,0),0),{2,1,2,1,2,1,2,3,2,2}),0)+IFERROR(SUMPRODUCT(INDEX('Semester 5'!$D$7:$N$54,MATCH(B34,'Semester 5'!$B$7:$B$54,0),0),{2,1,2,1,2,1,2,1,3,2,0}),0)+SUMPRODUCT(D34:L34,{2,1,2,1,2,1,3,3,3}))/105,2))} -> 3.42 | O34: =IF(AND(N34>=2,N34<=4),"Promoted","Dropped") -> Promoted
A35: 29 | B35: ECTE231122129 | C35: Junaid Akram | D35: 0 | E35: 0 | F35: 0 | G35: 0 | H35: 0 | I35: 0 | J35: 0 | K35: 0 | L35: 0 | M35: =IF(B35="","",ROUND(SUMPRODUCT(D35:L35,{2,1,2,1,2,1,3,3,3})/18,2)) -> 0 | N35: {=IF(B35="","",ROUND((IFERROR(SUMPRODUCT(INDEX('Semester 1'!$D$7:$I$62,MATCH(B35,'Semester 1'!$B$7:$B$62,0),0),{4,3,3,3,3,0}),0)+IFERROR(SUMPRODUCT(INDEX('Semester 2'!$D$7:$I$64,MATCH(B35,'Semester 2'!$B$7:$B$64,0),0),{4,3,3,3,4,0}),0)+IFERROR(SUMPRODUCT(INDEX('Semester 3'!$D$7:$N$64,MATCH(B35,'Semester 3'!$B$7:$B$64,0),0),{3,1,2,1,2,2,1,2,1,2,2}),0)+IFERROR(SUMPRODUCT(INDEX('Semester 4'!$D$7:$M$64,MATCH(B35,'Semester 4'!$B$7:$B$64,0),0),{2,1,2,1,2,1,2,3,2,2}),0)+IFERROR(SUMPRODUCT(INDEX('Semester 5'!$D$7:$N$54,MATCH(B35,'Semester 5'!$B$7:$B$54,0),0),{2,1,2,1,2,1,2,1,3,2,0}),0)+SUMPRODUCT(D35:L35,{2,1,2,1,2,1,3,3,3}))/105,2))} -> 1.01 | O35: =IF(AND(N35>=2,N35<=4),"Promoted","Dropped") -> Dropped
... A62: 56 | B62: ECTE231122156 | C62: Usaid Iqbal | D62: 3.1 | E62: 3 | F62: 2.9 | G62: 3.2 | H62: 3.9 | I62: 2.7 | J62: 3.3 | K62: 3.3 | L62: 3.3 | M62: =IF(B62="","",ROUND(SUMPRODUCT(D62:L62,{2,1,2,1,2,1,3,3,3})/18,2)) -> 3.24 | N62: {=IF(B62="","",ROUND((IFERROR(SUMPRODUCT(INDEX('Semester 1'!$D$7:$I$62,MATCH(B62,'Semester 1'!$B$7:$B$62,0),0),{4,3,3,3,3,0}),0)+IFERROR(SUMPRODUCT(INDEX('Semester 2'!$D$7:$I$64,MATCH(B62,'Semester 2'!$B$7:$B$64,0),0),{4,3,3,3,4,0}),0)+IFERROR(SUMPRODUCT(INDEX('Semester 3'!$D$7:$N$64,MATCH(B62,'Semester 3'!$B$7:$B$64,0),0),{3,1,2,1,2,2,1,2,1,2,2}),0)+IFERROR(SUMPRODUCT(INDEX('Semester 4'!$D$7:$M$64,MATCH(B62,'Semester 4'!$B$7:$B$64,0),0),{2,1,2,1,2,1,2,3,2,2}),0)+IFERROR(SUMPRODUCT(INDEX('Semester 5'!$D$7:$N$54,MATCH(B62,'Semester 5'!$B$7:$B$54,0),0),{2,1,2,1,2,1,2,1,3,2,0}),0)+SUMPRODUCT(D62:L62,{2,1,2,1,2,1,3,3,3}))/105,2))} -> 3.14 | O62: =IF(AND(N62>=2,N62<=4),"Promoted","Dropped") -> Promoted
